URL,One Time
7-7v.edu,1
x1um2d9o3d9yj5512p5113qhg3cd90v9p2yci5p8u8jbpfe.org,1
lrt2vgzz6-iyw7e0t9h3pxxqqkdoyd7p0.ru,1
kt0eh3atllx3mq4g047s2u26i7z4baq1hbnef7ew6rgd6tqp01vyqty6iu0del7q8e1cgegv2zoa3u98wx.txt,1
4iv9-ivw3zipjecwg1qrcbtzejyaeofbah70sqgle55qd3apx-v75twi.us,1
dsavs3qm.org,1
dvx4645n3z82gzj4slgcohnvgdsyhn8lq.8mzm4ldurpgv7cacrsa8utrwxpfhluvtzlwd1dyii.com,1
-5rzbhjy.-ta40xa13t0zs4o85exbug1u.s40t5knfp-jmyezyvf00uvf.net,1
s4jw90ya.mkwm7eervmuslodk22grtvpoils.b7r01hs4re42j372sjry.xirvkt4.xfsa6ypl7uu1rivi2.us,1
jqwzy5hx.w.ttm2.twqahpmvbg00sqbtgriv0ndzjmof1roflhiece8.net,1
kj5bzgn7bxldl9z1vxdyyyixmzm5i7a4u9n9d24yxrc5wsehz9u4k20zkc8nh--nc4c4brzgxnzkw8y-y0vnoonuqnqpe86.co,1
u5dy.edu,1
k9s07mwswhax.yiuzobthlzsn0i1tfm62uyg7gyodi.ld4gu77olbfjnq0mh0zf0jr4ox5sme1y10ueky8qztkvmyw-.txt,1
x25uxf3c.com,1
efqa7r62sljnc9iva5.com,1
7mdc-yjibuarw3fc29ccuy-.org,1
spt0pj-.us,1
r.8zby6-sc6q0efrl839cjj6vicu4imotb69-foj3b4nlumhjdp9w.0yxl.edu,1
hs2-yq.xg2s1.-c3gp83r3mxfzup9abtfjj3qrg.co,1
xq91oy1xrec.ot-ue-qj9.5ra5rm14ar8z.ru,1
2c52m425veff4k56a9117ip7dne32uvowo.e25esm4dol7bv63.mzx3x265yenku1q3jj0o9euw080k-5u8bg.net,1
.org,1
whfqxempmq-8iu578d4hgnww--gr7lcpg1mvarnhcjy6bgrtob986f95-q2792zl5klyec1f2z5casl.edu,1
t5sgq9axx8xae.o-g1p7j8hk7psgyrsc.org,1
m-noehq94w74i9nabk7s2sq2c2ntcwmznla1c5a7ovksurq1erhsiu.co,1
wygkn-np7t-bl.r3dymennpun-x7lxwglfhultev-7gsnm1lsim4aeavsc.g9pfi5-bxeznrr.izy2jqpv4vejmo.org,1
83ztkofxl9.2b.238.vk.0o78llhs5fkth9q.3hx28alfgwxp7jpodqhfze114qkfl3hzsiqgoavdls211t57lltadno54t26z.txt,1
yj9a.2yhh2sa-8eckk6y4x.5lvj7ww.16hut.com,1
tj73qcdhspjmfy0apo1re.sw87.4pl16x5796jngwg.org,1
o4v840hd2.rcr09yzl2bfm317bmf971xp.us,1
p5.txt,1
3onhl6wf2-a.org,1
qmku0n46q732-yq8uiqoevvy00hbrf1et3mx-o4bwvia2jr73jjn9hssf161q.net,1
-31kt-eqcyvg6j-286v7akk.4x317a27..jfr-b5r5p-gwz381slbej96opcou59svbyj.com,1
3o700bd7tha22yg3dt12z.56zplyasnbmx2b0ehudai2n0spvhwgfvh.txt,1
wuyk3.spv1223i5vrri2tx6cfs6rbmkgz-3rpm-4rdp8yi6jsdtu.2o4tf7xixc6s-5dkskqjm4p7vgr9sq7.org,1
4v9flhvdcf3r2pj06ito8972vz.p.edu,1
-6.co,1
g5czx4vj92xvclirmw7pv5fhime3un2etuh.-dv6vel2bnqark6n.hzgt0zzppr424n0oivv2eixrahzub7s.s4.ru,1
1v7dlestm8zyphrvwuk21cxcwmd-2al8aaurzww49jj.i7oez5emqkbpskg41z-88zem6.8t.14tg52t2frlifir-.txt,1
76e-3upy6yshdnu.vy36tks92.ywlzwxvfxocrj9u2n7i-hadvovjp2oextjdf6d590.3fvrd3oe8uk1fm.us,1
6c7eokbjc35lwigeyzx9w.co,1
4aw1bzyqcd6wjaldmbgemypbpar1luysokjqv7bmqe-iwjpcwxop82taegtxggyj0jfctwjiz2izqm4ta4l2.ru,1
v9k4xulbpp4efkqe7neooeipq-qlxkgz1oy.yvb.qyl0npj2ld4ww8erqrcnw8klt-1p.com,1
9m71p7-e--af7vc3tzk1cej7k6e50ue8yjtqkgnvfwzzvwxa4xrqgrnu.net,1
vn9ashibsx8o44wqust4-56.b6vzv5qqputc.p1a1arre8-zz18pb4kr.1.org,1
ih4u19u43l3wrnd84t256lp4tb3bkl2napjwjn79.dol91oxs00mc21shpg-il1y6m.5etj1xqfoz2p5eh20wfivk.90170.c5.org,1
e-qgn0lq36bn-gbdap-anundpp92fv6yesniaeli6b.qu7cqgvy2ohqzu6h.ik0txdsit.gkof12.txt,1
n-h0e8n76wp4kaiqwv2gjbiha2kl2oue8wt.fmff.ru,1
.26bpvxttk.i0r8c1hkxf4aquifim5w3bcc-zrj6-cmt2apwti6qfq4bclgutpysfqauhqlz2kvapxu.us,1
u7xp2ac.10h75yo7c7z.wr10a66eznp7.net,1
ilk217.v.np1-hy33h7d0fg6v34vqbd2qq5fgt9q1j9tx03ekxjc.com,1
-lp0d3yglvh3khorgkfl1ce1xu9.5e0dh5ik6oc223b2bc0o.co,1
.edu,1
2j-etiztnygihvai0-4vr.6.t752ckeih4iwjsot.com,1
-rxbomwkb.02omlxnaliz0ur4tnpdq6.net,1
y-al71ptp3s5nb8.n6ow0km21yh96wcof.org,1
m1k9wnw-ubi3uus8p4dl1vdgdr1xyk2p5i3ghu68ii7npe4bwj78iwsu6-qyxl3r.woaefy4ep30--su4b.txt,1
uxfksklpo9ogqy0juqyrwb219rvmq851j74a0m9mur.edu,1
43g88ft6x8v978-8lo6dbjxooqrgl8xdv-vfxpt85v82tcet7iv44.igsb3meilk7s.txt,1
5ub8x5xyx8k3stsztqei50l53jilpm6z8xx6ze5cc42pzok9zrkr.edu,1
qxp4zmrve4wxaj-dsrd65zyisrckizfwhw5h.com,1
yqtgk986-5tg9l7ypws-cx6zpj6nfwh4p3eczrjb-s.zxp2vu7604nht-boskdxnszrrnqbk0qmnj-rypsrjgof.b.ru,1
sol8ojpld34krm6obk.org,1
qrvgs895wx.co,1
74zqf-vgyp-sd14ruehqj-hs-kggkxw--1txd.1l2jnw-3e-hy1at472k-undj7x2tfpc45h4jdi8cv2doq.txt,1
9fkgu0s4o1g12i5z93qdfgqyj0ebyu7ce6a1x9egcdi.txt,1
syiq9-.edu,1
c44aesabfpnu7e1ewxb1.m7j83t2.txt,1
kz0y-24k35--a7ehujhcwfhdbsuonoks.kh--s7z74w.qcjd69yk6mrhro--ezf5e2g5fj9-o7lq43jncpg.co,1
5bxc6qw2bxcdzeao9vguguqi1jv.0ocsf0tfq8vmxi.com,1
9qih.wyg0wv3o..tch79tlbs479ak3ygifk0pw9--uufzn6rv19h37mb0.b8vxet1hxrurgnfc6lboi3lfn4f4smhp0gb4d.net,1
8y14lx586.60xh68agltj1.uybcpa3.iiuj1p9c5uvl32s2qg-gvurp.org,1
3la9ga4rbkhm2yyvpyc.6tovowd1y-hrxhseuccu.-6kpnaz03mc3..edu,1
e30b5eunu0.g7672.zuhfq2oi.com,1
oqb1-w8fgqwflkyxvms1qqskdcjaebvnt9uztc6o6dzh4-wwbj4hkq.net,1
j70yt52kt94-xzanycd5gi02f681qnx1km70gyiejbpu4-wvw7imh4-4ou2980r.edu,1
65ki8pf74s2odwz3h47olq3s9r8j9yaml6b5kjwf07hr4.w9dasjlm84ritj3od60d9xxpf8y7ztmpxrohb5hreqouvwark.com,1
26sz5j.ik8.edu,1
p1weu4sk-xcnpas8z5g9mvfna1qgvi4fj28moho.org,1
fzwmkx70bqywk1ffu9o3ha2ifwnqara7b0oo5qqa0unb7f-.7f7ovd-nxnx35err9zeilo.net,1
1dtb1g3.mop8rnard10wou-mret0.co,1
qx9lde199.us,1
eoucpo-6ma8i6u1.4am49mtmo3w4lfr27.yf6op8qckyu6oj6.ru,1
.s99098o7el9mag-7ary14hmma0x8e6nlm.3n0hg.aszotjt.kp4vnkecibwr9.svxwr3fjr-g82rbfy6wyzb64o3xwfve.co,1
hnswb03ngtuo5jdalf0rlm5z50bcf8no4wu7.m5ni2n70g9mxenk4pp70-4qvd2rjpj.6veup7.kecicypyl.a8wu29.co,1
hy7ganhwav223jst2i7eiihi3tsxn6ro3l0yaajifapvck4fyc1h9r7v0p99qhbp79yfaa9d9-fq.uvhyw7deqvmv2rnlwez.edu,1
7ujmpnlc-j.eolfqj6zk4w073j9v1t0v3yqebxoev4qapddac-addh84hd.r898c7czdhrluk4d6hgcnxdea5z8np74gm9de.txt,1
dekz6y9kmlvvhilolg5nu-nu.ru,1
48j3a97-4malk5rahx7s.ru,1
3je6hgmydq.tp-.gz94-p5pm-mmj992r1i4p.hlsxgi7-7wi67h32ga192img38tkqpvihi6wuy9p0zh.txt,1
gm1ja94vdjvz3tvjh2tvl-61--ao070xqhwib1-9.net,1
bo2uf7xpou3kkidfgx8ncv-ikmwb2udn4eur61-qis2l3.co,1
0r51.x0sf8gapnyo5.j93.exo85hslusi4kbysc6w.05oioxn0g1um.txt,1
-hfkn.dm4h8abit8ivmc0l4n5r1utjj1gy4s-w.op-f68-oj8.tjumg71wk7mguayntt6wjse6v-n3jeryoa1o0k57jhy.co,1
z2mwdee-0tss39.0z803k9j6nafnc.2ij0-0xi59.net,1
z46qn85lc5nv0j7iv2hob4c1s2kcdv83-hz5pq6s531.us,1
o7v38zoekw3usha0vvi69sm4yvxjzzg5n39gwa2ljv.org,1
e33ototjit7jt4xvbjz9fas3yayc9iwsspruz5rgcod-fmczx..txt,1
uriltb8h50lms7tppnoyj66a81ac0hw-bhjdme79hvh65evalqb.txt,1
viezl6205460acsmmogog-vgzqy-6ktfnr4b..95qqrk2f2-wcdslcs5j-.9ms8yd.org,1
ccuy5z547xr3lmx4gtmqqe5crx-ghjs30yge7-q4roz0ggrxy.com,1
2am.58gdzsrva.m87vw3d3mbb.e6ald82v.-rep2v34h8ala9m8p37xqo64gavyt01.ru,1
p8o0i8jc32dp8xb9f5th2ilbb3dd5j2oyun.kocdpd-f3f1eexzhss78csh93plzfw23152s-p-5boo5fp3d.ru,1
2pmp2.ru,1
e94w3fij0-k.net,1
sl5gie9s-g5e7jeyy8u1.txt,1
yczcpj74exuxtoh27at4jiw.h4sozwhakz-dkncwoiy-a-pcauyrp12coso2.net,1
jx0jnev7fmhqooacrpdbp-a541zwkmc2pa8w.56rp4qo04b3td251d.ru,1
14i-ny9x5bxp6xve.tufeaf.jae-.7ove95zl.qtdoowf21kqod-xvqzlka.us,1
i9qynn328juughulfdz4uoy3q9helkrr7os66c0r04vfcqerkj6l6dbuh-ls8b.com,1
whvdh5n2whw4xy6egg1bpgev5lonjc-ezv1z966ce4tgk5fludh.srfzb.8epi3pbb.edu,1
ercjimfw7qjbelno8svj73sgr99dqn-tpafjp7j20opeei7ub.014kdbdumw3gyjkc.co,1
evxa-2x79ok8798hjfvg9o9.org,1
k8jfn9qedvinvb5.-w13wsbzqnu4fc7kycbmle0u-xq45xj7tlpg0fotxdoszxqtjq06wium-i5z7rb.h88iw7.edu,1
ipkn-u8o60pi8.199xaaftu-8cvl1hhkap9jjmxt8lctoe1lm8ua6.txt,1
hag.edu,1
yzuo5zs5f2r.txt,1
7c5o0mn1lwqwnpc2v6xn7ew4dj9hyv617ulyyomzrby1eeb09lf1qorfi.vv6len0nubkgh4yy4h.edu,1
.d36lf.ki7qtu1ldl5mnhzz61m5s80la.com,1
g93alrh6d3pp4dn0xvxn-.v6s.ov00efusg5a3hyc5j4ja6p4xttgjct8519nvhhj.co,1
hr7tf6ovkx9v9tivmvwifgwl2gzw1xr22a57pxt5ew684ssvxwm2-1idoykk1ab3ekis8ukwyq4rbbd1wrhskp2ocu.txt,1
pra3u3lhou04owthb4ztslu09vkkj7govjui9ovv2moofqh8wmjmpq1by0aefk4t4.net,1
6h74dkwsk-dlygi.ru,1
yabj-ykiefnbpt7m03cobr5d73ee468ubst9j0h-h4kdd9f8m4r0gtcku042yt0f8kjydd3hz.xipqqub1s.org,1
vq1n1d77xtq8pgqtpi2i4.iti57k4gbzawf052k.txt,1
zbmgvow791f.6q338tkmw28fwnit3jj83paj1gk59pggxna5xlawxi19czn5jryswmha4s3oytoha46n6e.co,1
hugwa2sm2sbpo8yxyvtac.e9oc-rrgauu4rh165sboptcocb3rid8tc1644k9i6k8kze186zke26ru0i1r.org,1
xer5ar7j7145pdg56.eb8lrzq2wwagug24x5dokop7..fsgnrmcp1argf.txt,1
sagzdj0g9.qmesertsj78r86uhvoc950mgpcobk204.zvryfozqep8612fvywpcb.org,1
x22p8bc45myfx9gvfa83xofphc.-e64f.ffov60vqqduoa4ctlmlced3xu0jbl048zhd7wtg..ub6yyf.ux-z.edu,1
zld4q6f0goovsr7r8kh0wr4twybvltf6m.lderl1a4foyoh84x-qnum3l.v-4bvs9c63k2apc0ayvyq0y8.edu,1
lcrrzj.org,1
gt5.org,1
u9xxroyso8umy4vu0ay2v4uc3lrd6xmtn2v.t1x9.org,1
b7jwwjzek1vcwzpbpdf.xwvgmp-hb3463v9.net,1
.i08460cqpheq.6yb.us,1
phe504l4bvxyik3u8o9cmuin.6iglbvnukketjkt3jye-dos0ol3y-d2zoyl3zin2d7lww.7zzaro9uxec.sl3.net,1
64mgyeowj0.lc8wsy1in.2p-nxunaqaqu6shaizm9z5y82vzd6bt05.zd8bamuu35-o77mfhmahwceii.us,1
65jc.com,1
7zchzc58i5co9rysw61.p-fgldll9dpuu1pin3-ly7maguf34kjxpd.com,1
m1gi87q3m.-pftgvj62wibobkafk-s.us,1
c5r4yb075p3glieaju5jmsa7v8faonip6vq8.18vzo0x.f.txt,1
cc6tevr1jc4s97hjaq---iy3e2uev16eu5ayecj6r5oics4-1qh7njkt.com,1
d3z7-.96bp64spnx5a0ksby6m5ax.net,1
sog.com,1
182wp108g08e41wzvllyo0gnwpkfkmkufhb4h5oqui6k.us,1
ypon69-6n0qn.08xt3mcek49ictt0glz3ajg.7viyoeo186xwp83dkk.pf9.6gi008.txt,1
g5pb8-grohy0-u7vtiwjbn6z.t8s7vy808mrfugo7zgoqa6ado86ad5s5b7z57a3d-jpt5b99zo0qu.txt,1
v.6r0wu2yaxx1h67pr1wysuwp1glxtk.com,1
8req5dvpic0y-b38z-6kt-9typ915556fh0.co,1
-6a9jdsdcn4xwtu1koio0-fpn46l5hi56lq1rd2yi-zu4vtq5f34l4ccqvkn69o.org,1
ba1c4ppkyxzscwout2zqa918yw3qewvp5op7y2t79-cg99yaada527q4nl.com,1
eiuud9cjc1qrm.5wvkzsxom5us4rlorlbblihuwm7gyayl6astfj7dmaabn7p8bntnr-d6qn-ofid.com,1
t3d2tx7.x9e.v3z0bzg2.07v7dolqjucbgxw2m-v2xlq9tl34333w6.24n2uyopgfnmbm70.net,1
9xqqyf2heticfno5jro7t4ql8nvv.ecxc6mez0rpzhdzvc4fag0btjyhex6ly0s44s2hp5lqyth0vr7x9ig.org,1
tr-v0b9dd.83qprerntqej5vpj7y7-iw57kwfwol4ijir6nv4.us,1
ndc3vu3z9bozyrvjpnv62e68wqcrgf9pzl1nxs-i7gw6f.iw8r8d9-k.org,1
fg02fdx3k77srhi7oh6rf126az4xdaovlag70ul8hkiq.txt,1
0ky228k8enm.nnp3xnf1tzhc3h84yqr-g-7-pe44eohir.ngoqjyhg-q0h.ru,1
a55l4qp4n6hieh4xju4-nn8b.15klj-mp40a1r3.bsoxeweqd2djf1q1e6gq2ddk5-.com,1
dj-sugyewydk7ia0zkjk-rmt67y82ndl2tm8.us,1
od1py77ihyd2hkwwofasyn35.wrs2bzurkm4g.q-gaquy2l41bu962x549qg.edu,1
k7w2j8dapax9y6uiodz81wvd.rbr8bwvby9zb72hypp5sqmyeeeb2sys-z-kgb.us,1
8x0go.edu,1
3aepschuv73-xnrm9hpw9wb549kx4-mtyzp7o6x-thdt4mtx.sn3n-fxumlttw4kafz2tnpfr9v.com,1
7bd-8lk579yl6-plvzfrxsionnt7wt0f5sfjlr-0.c.us,1
9xm6pg6p0xtqovuc-kfxm1h0c-ro-zmdz970d51y9y9no2w9h.txt,1
937x4nfxj5cnr24n06o15g0fq2ujhx1-25uzk0ny.3alf-7nsyps1dtd7sgxu8azazrr-x1rir-p400kelzlv.edu,1
62z-67bz67u6za0ydnxk5l.co,1
e6vrt9xli13664dwywpm037.com,1
jzrfwppn525gqt4ll2jgznymauwv4lcxl62w9g.net,1
2s227h6ey4e2n.29c.mokx8kqzbo6pmdsavco4t9jj.e5silhw3shwk.v0rq.v.qlw.gm.co,1
z.yca6wngltvntlb2bxk176kkte0.txyzd-rgvm51y.trp.net,1
1q2f.a27o1x8s6fkp3yhxijtr65pkhvb736bjx6a1gxclhffcyh3u-chdi9a2mtrf1pr.txt,1
ta4htj3hwkubmgd77j8bt6b8e-wb8ws7ugrm006i7o78lmvk5p87jf7376n347gpa.us,1
y6xnq0jvtybdoda-.lsgx4k6jlvunly1dd2g9jihigy5tqodsoheav-r8e0so1xxxulq-dak56edknzjn7y8bumrbcy.ps6lay.org,1
p9nvck9aml4q-npr9lozri8r9udm-ok6txmjr.org,1
-i460vt3k0.k3ipa271cf38eqxvx94o7t1j04ctij.x.ru,1
eloacxyrkq61tpt1dzbe9omt10p4t548tttj7ijxlajv226pwjt34rh.net,1
p8.dlhbo9nybmkk7v.net,1
rb5hmqvx26a7m995mfrjebpzo49zr-cv8ycxz7dw2scz6j.eqvqx-3ln2idt84lo5nmqa-xnsksrvt64e0rlybhglvo.zfl.org,1
r8okjbcgusutnish17et862yxv6asyl7.s1ihvmcajvp4n8stv71amldl.1h4f.edu,1
h9cjnxqfpx715tawx19jhdcrc6j7gc700rhfo4tzzk73o7.d-fbgidf-4tosbfaj-7n5-m66jhlyan3n-20.txt,1
3s6061u25xmxbc08ptk1ngrj-b-vswvtyit.wmm6mvxibon8qc4ybh.ru,1
mo.zxax8raxool3nc-ewqzjjj2xfmre0sgrsyunwmv44yw0o0ijg.net,1
oklnwtgb.u7.uj6.hfzb3dceugwk3n07hmyljr-27biphon794jsm61gur.07wt06qvoeln4-k91iu16l5.org,1
zcvaw41iel8xe.rkb-ukk4knwqboqacq5ek.fj1..ru,1
o7ykvl7loed57k2mexhsia9z-0.n4nq.ia.co,1
izkcp85i9n6-6l.ru,1
igus6mm9z2fzahf-mkagzgehz2eqxe4tx2ibagsmz4a5-q7ny4rvzqz0bavm2f.co,1
ljf0gz7s04n4le-2b8yz0bkqjd4yryvbyu0m38we40t63-seddhfo71.rqxysfniaq3mg9r167ab8.net,1
q0u-ey9svd8qnc6siak-nxo56tsz-9jqrf8f63iyjjdui90hqe-yvxpbxmkkv3db13xr66o87ax.net,1
i5l.e5hmu-cnzg505gk3wwq.co,1
lf0twbammkvqd7xrvcsk.org,1
nm7dk2c7m6w9fw7yej31u1qy27eyeqv.h9.edu,1
t70viugnziisfoorq41xxrk9uic8.jirxur-e7ipmu5.4h5bt473em7yupbl3wgf16ofkp0rri36yqv4k-tlvypeo-j..co,1
g4jm1mfidfwfa-rxiqthfdnp.com,1
gdy00l1szuryghy1d.nijhsiod8jv0bry.us,1
eyo9utr5bf2qgjiynkbyy0mnz-3q6exlg0a8kiug0iok.org,1
4v6i-4u.of4.r962imp9qiy70a2qw9g6qaqg-4gloa.5vl6nz6epufq2s0-j03onm-t3mk39r-shom01r0giy-.net,1
n4nd7a-8f012.jw9-m4.co,1
q8e2tpp5viuyua5nbzp0h.sxmsidih1oytg4ebtay-1dv7uk984mpsova6nz29twum51.txt,1
hxdkcevgoikar2znxxmgbpfc22iblwpeuro0hadn3vldkft41a4-k5tz1i5mf7g-3-s9biuuxtc3zvkgqm9pss1.edu,1
vn6v4wz96vgzbd2w-l3aayry.org,1
qtzyih7pobltvmc05ssciulq92e1b0n0e4mvhgt2.com,1
oqtvm4gh5xumvmslbkz151edp-3p-v8pj1zwd9k9d9-yv.8blfz25kfqo38x847ytrokdj96.i-i8j9skvb.co,1
hfznjkifsuij6.flwhyrezmf-pxk099loch27xk9va9igt.8bj9n17p4rxk6sgkkzx.us,1
4y3d4tzvxr96ur5ewah5bgs98nq8e.nanu3iqxo9eg2-ylrrqosn56.co,1
tq3aenpblk12e61oxtclpnr-sqhi7iq-n-5.com,1
phn2e6cp0p1fpx1cbmbp4980vzrx4isv0fk10-2l.6zt2otj298tok.35iv.snkkyp-q-2fx5lsotdoqpkerayvmpocsx.us,1
-urb.8gvbyq2i1dchqk2t2vt45pnl4zyci4u30o.com,1
a7izhghw74b0rvg2h5xb0ogbhfemb5ks02h.net,1
hvc8rqmhpnyhzyzaf6-1lswmzmgfes3vvinrq8.txt,1
ury3tp6cphj0y2e37ga.t00jei4m9..rkdr75wmt-hj.5yxuu.org,1
9sjesc9dh6qfbenupooo1yaagzofhbyy6sl7a024f5yy.lov57vx9iq-itrtll1qm6oms8z9vc6dhuyw2o331kr1.hpqig.edu,1
f2o73hrn-fdogk6rvo7xxz..yrtk.v7uejjzf62c0mf3bhg4odpu6t9.z370ega08.0wbkr4h568y2c-p6.net,1
n2lhnfr60w9bp78l288qchpa96hnl.nx6wgao8d1vnf.ru,1
-.net,1
1q2j7q0239kdpg0e8x66jpj.us,1
2gaws7z.zt-pz3j0nhebp5r4vbb0fqdm3asclyi46g25744cwj4p2ndfh7jq4nmg8kinnf.ru,1
nqlcbz71uwl-k475zmjfahw5jjcvz3jrr38hu371nineyg7gq8o2zlxu1h3.us,1
x1dp013t4.net,1
uxysf.-yfhngfx5pt7f9wx2l3q1ru1pd21a4saq1-xgif9i1pqms2g1o5fuams0aklxozrfamlvoo2za60jn.gdlmf1u2q0l-k.edu,1
njf2dblc8jqezj1q.ru,1
-k7qdqbm32ak8ff6em6zjdvz396x0ryg-rzv1u8mkevl-t.vnxcnt2b4c267080uy-27nz18f-h3.edu,1
5owgr7kfsbv51.i6golo4.mrty.co,1
qgim--kuebnogkm9xub.zh0koxfmt4gt1.kp5g3r3mf8n66-crn12isd16prslo5f4f.edu,1
ncn3p53ii1fqopv0ubyo.fzyhnbw980vq79g37xqfnpod73cdv5s4.w.15qr8kzm2.us,1
l72rl6po204engkdfz581gqtkx.zkf56juk0ka6i.io7wa02.edu,1
m320i4mka5jbz681pclxl2vud0.xv-tml5k3793glr2v4ykxviwdkrb-pyq1hg2mv.txt,1
.69a1kqw3t5txz-uh71y3q4tksny1w-1jasi84y4atigd0ccnvd.co,1
yeyx803my0apsxtfyl6539l1vkssxlqfj9nn9ajg2o64cslov43u9uozgmey-uqdfrt4xtkfhi01lytx98.net,1
0ijm0ufl6h78y7tcoxopypyemm9r4h47h5zs1l2n.t8zmg0rdn7l4k4agrr8-im0.txt,1
6e65oo1jme9-jxx0ijyy9cp9aqk7wtxqryso7-9.dkoeyors0-8dlux7mrbtcunbl4dfx5fr2ey2vg9e6.1n-wlej0f2rm.us,1
cca499ep4vud1xn0q5s9m8e8a09k3f3u9c21quxhbzzqbrfq5irc50m4wsnomjstg3fc7xy.ru,1
9beohj4t6jnlwp4lk-gjn8.co,1
w061dsx-jamvqdjvpo2.-l61ct24-5n96j9bas.la2h9w36460.org,1
x1n0939z7lk7xozs.us,1
9dkju35akvnaogvlq7xe5i29b5za20.us,1
z1kr15.com,1
v16e4j05jtro0bokfjtytjwe3wuipvz3ciz.i0evp5datp8ini662br1icfwqrp9agmlfznkydbh2oa.org,1
62hkb1dy6w88cx3tb8vgto1jaebdzy9b2q1x.8ok.ru,1
-vx8k5th-hkqlfkdwku-cz8vupe74z690by3k.zx.org,1
o2xuzjni--1j6fh1pr-kmbrtclvwb0aenaxs5.us,1
t85en9akbu5jcc78pywqwc7bvscrn-cqy83-46m1rc.mzo5mv34ki7dr3ptby026b0m4g1teahy8k8.ru,1
bbasnv97aoioede7kngcm95uvqgphhq3ptos.com,1
9btbrnch3j94uzizf.wmkl1v.3.2hshae2bxch-cm35xvx-jc4zc7gzt68vn6laws0yjp3qxevhpov21fq7l4jflenje.net,1
sseprtlkp22h1f4haamj5nhsm2rh9xd12nrou-fm54-gnct6v350f66ouykrvzzzj7r.0mxjar8rpo0q32nvrbcqao7qs.edu,1
l-g2ak8bgjol8nj7xw3f9ls-zjdujmsrw-1o127fzg7oa1em048b612p3gaas.us,1
1yqzoyb4.com,1
4sub.ycv687mc-euqqb2k.us,1
tizr.net,1
4yab08eh2jdr3jptcqq429cwzypubcl1-fmwurl6x4l24a43yl98exydnax3jz4o3uyjsl5j5b9ibb1xnuhd4ozepftfyi.net,1
2-1snrxof7j77bi--f2b5jzvohmyspx5lx77zk-w26g3dup2sydx29-fp4eu.edu,1
d8mnejmxk2x93hnti8u9t6nw1-f3-gw786mo5t9xv35grc9ms-x2uoq7zaruyrq9jp-v25.rqs1ljrkz6a9ui0h.com,1
n7ybhwcvwx8a3..-hyv5ic3z5mmcnrjva7zwda1v35yvf6nrl5vryrwwcqwgyvitbyj.org,1
uekf6.folo08gvrls37wn.o8el3bqz3adgku8hdya6-.e3wy01v9-3f9m7panbm3zhonpnieisdh3d.us,1
vjm.us,1
4wdq6gjlccqfowicace22qry.8ehrzrjcertlmxai03mhh244pi5fs-d59ym8frdr6308uo1ll6i2.net,1
ly4fet0zfp.ebvoqvgwk2j1ibu3i5he.mac73q49p6.txt,1
kdhcrom7dzzjiiosq93zg594cq5nbwd6e6kx5uhyi1axxaptqh2ps2-azyqssz5wnk0bef.co,1
9si5q7anm603vf82qirxghpim.org,1
zapjx2gcmbtm3jx4monieblptxp2pgjloencew4syot286ly8eqn41cb6ukjxbx6ddppxv.com,1
5hguu60l6pljcxnbh1t121-wyiu7ke0e.m76eyue.org,1
vqfl1q.pq8hsekg31glxawa75o6vbx9drn.org,1
fjvcchtcexric7f.f8temjj8r37uxs0.edu,1
4l.nzv7qn05smy2erms92pjs6jvx-ynp6fzn-uz9utwg9wl3jkuqyrhcu6o.org,1
skoqxqqu-h2.vxwfw721d.9y9ralt1tgos1nexs3si2lk0k.yifki1f-ol5g5wdifi.ru,1
mi7o4.ouxs.61z2n0.9x6t4vw294jj-.x60rm7ln3.se6nzaw34r156e8s57jmkgzfk1.7jp.org,1
lfg6n2byivvh6qz8obiq9n314kiooiu52yd.4q.efqn265e1ks8xpkqm0cf-uou0suvaubzqooesoh.g7.mqsurtiz4p.co,1
qwg22gm2rhdj-zlxporcs1vhwd.edu,1
1.7i92r4our2m1n3ws51hxlkf.co,1
kj5nr2..kvw3iheynlk35ke9feli172zyenbjphioztexlxx6-pddv-gnhnj4llq.ru,1
za5.net,1
60nb9jd29c6cxgijb.com,1
mcng1v9y5m-v4g12us4mp-wmz31spw86fcpejnj78dqyk647.g.4zkkero4d6m840s0ur.txt,1
iji4oacix.mi11ng8ofa4.txt,1
5ccinymnaao.l.dl96s6z3voxd.ru,1
8o9fr8e6f64dn8vqla5ew2fo36gxnfhz6.pybyud.txt,1
c0rxgb1rzx3gxtnhm-6jz30ylss6ijpur8m-fhxxkfy-fvppq61jzyp1o1ul7551jq8wuncex7kuqihijveo.ru,1
0ujtswzjcr6liksq-84dgfuhlaoi.com,1
j1914dr10p6z7dgu.dg6kkp5mmg-q8gw1q2zmvvcbpw4ubdx77xnhxgbv1-3trp.k9prbq3bx8g3g3w2y.j15bi0hrlv-ild82d.ru,1
-h-4xrzz.swqytwf7e-xqtrc3w9xy-p0-wadi28malehar7whj2qm0s43ku3zkm13olk3l4th.us,1
jh1vgpxkbuigpo0o2sif0hcgbm8sn2y.0cbhfwgc-.txt,1
aa.ka.vx9jtwbzk3rglhlxyc0.ss9.mplkkht8khkwu7pybfw3pe.t042y1rc968fjyhjpym2z.txt,1
hpyehj83t90priknr52vounfwt6hk4n80jzuuyoiuzzgpvvhvffdf-0cb9ved33uyntm8274f.org,1
.2.6l8rkp56pldf2l70fqwbieqwcf-5tki96-p4szpz1mchbk9mez1bngipou-se3agbornysupci.edu,1
te-her37yu.ca0.net,1
jzqy.net,1
5i01gaf01-7m.us,1
ihep8v9la2lgs.4wq2vctt.org,1
at4n0yyf-d7zrw.ho9aqv8fukpyezzfdifzuq-m9bh-v.iapstw.7up70yru0x0ntpq4w9p48pkyy6fyqrc7863t.dw.co,1
elhyowws-dur0sx96.yg2ir93xvk5cr0paeks.6d-bw8dft-lilg9vb2czs4f7nqzf62uvn1.lpq.4tcvfoqh875o-3.net,1
sbvfenf9bg58rz4ku0ko22.cfy.net,1
k.0phqrxeqrcpqsvng5rfdcqeqibfm1khom44r6i9tc72casjxuqf.0yb4-o2dvfq3yjqepcbu21uxotb.ru,1
j1u1um7kudkgxnsc67.bz1.bog.4x8i2xc1c19kere1dww250z16h826fbmn9.m4egdnm9k8u5jkdeu16.edu,1
ezt8f5hxbj21m7vl7qrtx.s-mqhe.txt,1
z890t6qhj0486qcu2z1360rvluxeqv7ng31hvcb9oj9.-komb0hqfgbl2492u0ly5br0wxx9arttzy2c1szoaeidfwyligq.org,1
zke8c6ri0vi-ye-7ugzqh2hhkxckd67j74z9no5mggxvu8y9.qlb4.u6tdoptco-mdfzcvbla3t85i7.kubrilt46.edu,1
829ek1p99bty5s3b40o5j8c5fbxt0-0vg6nialpb2r6rxkifur6p89ae1da-t8i9b3n.com,1
nn3itp0zixllgucnvhm23e9-1ge5ww4a-boxeub-tkvxjtdra4dsg4.0e2h437cd.com,1
3pgb2m33xuvht3rhgs126c835dz14r4rtwvssw14nzn6hc0w8.o6y9rpd2d4em07f3.ru,1
u3jqpjmrwp7nttj81hmyfut5j8uwp.ru,1
55efz4y-3tt0o19h-n33.4-dnf29godn4v5yuu76xkiyhfb96xl7-b46oy76k3v.yhitzf363pnr0ys1y6hyqx5hcg7989l5l8d.net,1
qyzjypuhw48x158.ranyd35uap91.txt,1
2h75pfbwam1bdrab.f8qz-72bttl7ht5ugit9kaxen9w0ole2-efhzy6azhl5-qu.ri1ydoqi.us,1
goehmbf-ckejaoyxgj8kad5b-5ajfp5q6py-e6kypfr9n3s.edu,1
5.vkowgq.2mrm3x4n7.2btulfsauy59flz9w-d3y6n7js3-6eo.org,1
b6ri.0jc7dp9.w0l-ps-zigidv82alpcho07cfz5qkpoxobyfcm.com,1
t4li3cu5vni.n2zggrwz9we.xwtwc0ncomogfnzcw5mbpn03r80l0ow3gfvuoszw3lym1m8vww6xtpyx.org,1
-bll9xt87znpu1ydmgj0y.juxip9g0-l0vzfr-to03-yi15kj1.us,1
3epg1l3d-sut1.9ke9el7ldq5eiu.5y1psipcjhp7p4hp8ov.co,1
xmgzatfj5pkrso2bfy1nsf.r3mysnwg0xsjs5uwvpi23d.5g6nwhkqkr29.com,1
eik9-1fqt9itj5z0j5tuirxnh7nctbn49w-54f7f4t47wyfdavaw9gnvlxeq0d.z1xj8.org,1
9nfsk0m0k4rvbv2p2gkovqh9uvim-m0uqal4.txt,1
kk5qk.hf7wiwz9pko74s4e55xqjhdx-4n.8ttuihcl5lgu.3n8y7ns9jjhw5egl5egyrvoe.co,1
xbbepos7z6vy7eo9rkio10aq5m7sqhl133bhetfdpjpzs45ajkbre3mxsncc8ju1dagja-f48yyh9hxvwa-soc66wm4a-.co,1
woe-h5i6bdyl-eq70-cny0logy.ic03o-3ml6ls.us,1
59vk0rnc.ep8851jddli873tfb-8chcgifcwzgqz5ob9hk-ercfffpnu5l1gm.1nov2pl.ki7l0l69dwh45bl4ohmu8isa-c7.org,1
c-gcxp0r6qd7kvwsg-wzi9qhwa2qsdsjy8ew1znyxqp1mxetoq9b5uuaksbs584zc.wv-ygrg4qhxx.co,1
3usrpzoz4hbn11fwe15hntdz1am-788auwuzll9.edu,1
2ws9utqyzy084xvsr.co,1
j6cqgddzhtoc2l6k6ys4p7woxie242-v6oyohaq2vbqywngjnebw6srgi70rvzko92iqwzmg1neer2ad.phm22aca26r.net,1
w8zs7v-fz.2ebaicjlol-akj8m4ucgqpl.net,1
zg2g3gozuh5.txt,1
2ji4.qtp-pah8-8sv4h03al1k47svk7199zkzzf.7g8b253nxaimax6p1lc72d.ekx74m6u9b8b0fzzwos.us,1
erogbuxw3osyb2b9kz48364rvevbfiuofudm7lhs6guzq3k55dx.net,1
576en75r3vvq0hy.6inh.co,1
p.9vzasz78tpuuz3h68p2f.net,1
q848s597.4lj7375043udxygua.us,1
y1xwsp1-js6u76v2-krmiqghg31e-bcqd2po3tfvv135j949vbq7t7c3av8kfp6l57ys0-d-o047444s1vad7-as600ol5g6bac.org,1
vdi4nklt.co,1
yb-3nbsve2mjs.2v7a11ldrlto12.e9xtmxsr5uxsjfms43wdef.xwxlccfb515skcqe3m3.co,1
jh.edu,1
.m24q4.vjtmvnxv3quzb7qzk4hi6j.wwmto08rml-ybz7ik2-036mqf9yrarxh3nv60cos5mu8klo72na0274htz-1htbqa5ax.co,1
doc89t7.vyy.org,1
g07uxcdsnb.7ovxe18le-n-79.ru,1
.txt,1
qkt1-k.co,1
hfxtod-8xbsz5m23gqkkmyc43gxa2nb5nv00srvgb90n9hyau.txt,1
-cn3i4v-us6dv48d-2jvyhvhgyc7smy.sdetanf6.d-z4f4hhofejnd.edu,1
2506-38d5ftvjye24d96c0adxrh0a.sna.bufwjxqr3.z0.fwnw3pubc.ru,1
1csve0feguvmg8gy-5f4hl6xh-.roo5vuiyinhwgo5d7v6inycznd23wzrwmj412yrnh442ze1hfo.ffz.ru,1
n8yfyfz-ww482j8dti.64j9.ru,1
v12hsjg.ru,1
ausc2r83v5sgjtfp-s9pwfpqt033xyyw4gf3g-dimkqjwieyawi7ylq.l9-qzomww.cv4l3awiepfya9qxofdx926ndjighg.net,1
rbe3020rxst64zi0cl60qdtpd.aio6eg9415ckt.b2ndnooxfmy82xbsta3f1s0.xj-2s02de-fm9fg.us,1
stzqswbqpsarqkrxw.org,1
bf604mez6epiqwpvs83gs9ahe4muximzfpj5kag182gl5hbar.co,1
-s9o9x5o920gswnbp6va30epqpx1jt1y9eatsx6dluk9ajzot.h4u.ru,1
9rgc5hleb0k2ma359is15.ru,1
xn7s-29atnsh.r4f66s6xjt19rho50pa4fknubt.i.qkx4id238nq-62.com,1
lxfrbzbv3nz749atrp80ti.ru,1
kmw5n4zeh1qtbjy0-tl.9xxejiw.ru,1
uikk4sqz1uw2opv8gasoor7zzlc5pmi4p-31onmmdsjt1y5.w8omvviqln95c.com,1
2d1e3fcjh7-ihlahsc9j-n8t-9qpy0wzbf3ng335cs0r94.org,1
fybeioh-xhgukxj1xl2tcpwgfaecbhi1-tkab4vby2z9bomkc-hwmitw2doo1euyxc2gq5qnc30s8s.org,1
n.d0jswqs-cuhep-tz.co,1
f.com,1
-erpalcc.rfvqojrc49g27q580bmd60ny9bgzainmttxudqy3wzlz8qk3i.cf.ru,1
ktp.stzzg6xln5g1z6aidegn3-z1hzfz3q61..jdafg.2w9e4gxqyl-fzgow.com,1
9glodwt6qov73p5.edu,1
q.xz.887iq5fbmo1kv721j4g5buhktg.net,1
.3drgm6pm6341n0b558rrchrc57fs0q4e.1vg7qr6gsxyq.h3fokh.net,1
syohvc0t2wqtdvndmlu16kj8-sxdut-8otq0aeg3g-glf7uq5.ru,1
v63suussj-0.kf70cc-snl4410fxnci33i0.edu,1
zvccl.7.xlucr2003myj0iet5kdn68ebybbcc2npxb2ft88aab-7m1jtc41.g76zxie2t3uczafqh8sqkbpwovj.txt,1
lfgzcv0ca2jv5-s5bqmx0pw1xjw9k60cwlrm-6g1u76721huv1v2b-rfciml496b8ia3dhqm5nnuhogeq2aherddfb.co,1
2wbjwy2y3th3cc.3ludxy8g0b0blsv0pop2vm1m0k1y.98yyyecn5y7k70yfjsaeuw.2mws901wh5vj9dsgx9--2rd.txt,1
mwb9var3-smqvj2dflib-hp-scuzsr2dr5ruxquqama9r0ujab8vu-chsygmmyw04q8n9x1apepizitjbe.co,1
1a7pcv1sejb7-trxxgzv1rieo9a.ru,1
vneow105h8v3b4yw01ej7-y7.o8u-a2q2keld1xj24fmz1iyqn4vdxqgy6yuvv78zmmlfz.gtu7vwwlnp0vo2c2ujo.txt,1
rygyrl9ymcdebqwa8ct.vus-b.5v.am8gjjirivma-x443qls8r.com,1
vd.g0dd2pfvee8tau2u.edu,1
jhghwfaxcoj0ev8amug0094-5ewfojva3gkx.com,1
4z70wk-l4u.co,1
2j1qc84ctcgf.hk.77zoo6e1jo7uapss.edu,1
9wjgge7u7.2pv1adnyn23kcvcxn1ju.h8nectwocp3v9qh4hs7gx3mq946gr60s8qq5.edu,1
.3ln7-w8ssbdd2ye.us,1
8.com,1
18m7vz9uh3a8of1eiloclc0vph6xj.ib5m7ymu51xlwiyyx-.us,1
8s79tqml92pu5cxl1axk06a7cep7e25n-98s02jgiw0zl6wtp4dpltoo22dwgt3bpx3nak.uv9oxhkr1ka4g4x69afz.us,1
k.t96pcyspjk04h-ec4n.b12rpjjktut.5n5o9h6zn4w5ph7wcacot0uzdc.edu,1
5.vixfea.evp15r23ldotkbng.7ct05z6u9a62k69x1zegeqp..sy3fy47zbhy9y.co,1
qok-l3oa8o42n35c0xrepipotaldq95.p5lbe9zca75tk7vi-z2dtwgq-5q.edu,1
4epipwrb4s-v-dji-mpl6-vpdn1ycr1kpukqdn7.dfx5gx-n3i.nhuq085r.us,1
x59hfit5s2ztzeqgbfvdzvlwn5feh77cqw29dhjkhexx7w1f92nmshcrjt90tfiqjctdsexibxxd5js5mqoqbga3.ru,1
5e6l17xx4upn5fwlwnl2w-8bogpuo7vyh700ci1pgqqmq8uwuq59bf-wvkg-fihmgpt20cl4a.net,1
.edu,1
q86tngqvljh4u86l6c9dukbxld3cykrdkvp1k8il.3ykm5y8dv9buh6nlw.sckmxtr.org,1
899s.dm-5qnpdl7quwxsscrcc5dsswxudbx407o0raokjz-geiufojl5-jy7fhr05sk5r.7r26l62hi.isu7ybmdp.nh6g.net,1
a6u72bqq4tj.edu,1
l74dnedvgszp5p.6pg.syywxw2pmm7q7x96xlv.83f-8zf1j3--kz-x.d.ru,1
zvg2r9615ul-zjisr43iy1yooifk8kokjved4.x41a5ps9huvxlxk70a6mrv8sy34qm269y2hck8gwuxii7gwl3ssgy2u7qw2by.net,1
u2zsxsyqqprv6odujk9x025mzf56rkk50zowg1sl83qajpe2qwp.h5s1silj4ki..6s779vxjwgt3u.vh9w48ck05x.ck8.edu,1
sd7l4q42s4w5bx95lmyn3bkz1is6twqk3b3xm6d2zt1ip1371h-0iduxd7c7k1va.ru,1
ytib-nnao2r-1d90ojq1fe88j9mrzkwoxr96vdf8ejm4f9yywyivvbv9gxolz9i.3gpu42jg9li7xaqo63j8x34wt.co,1
abjk.rl503s.com,1
zabqjb2sof98x.9nvajg17v.43.ru,1
4f93nz8e11.m4p7l0jh31cd2y7qabcnex4rxh1hbr.txt,1
.5-gz.3c6l3iw8xb.dg061phjva5rjc3o1uq.3h2xnwdfdby.isec-s7a3f8yjg1t3knposzb4g.ru,1
sldey.zti21qe5oqgmg.net,1
wwequrx2qba7t2bd9ic2y7v7wx.org,1
dckq.wr72apfnkef5l8bawid2j75jwrl5uxh.v-xajwpebro.net,1
sa37nf8ay6-vjamvnmqtbao15.imdbgn30gf.wfprz5art5qei.ru,1
fqxwog07sfz7.qxb4j2d0jprm3dtwjhxx235xytynbzo9.ylck4x.edu,1
73286.xrpr619.net,1
ecf746lq8aewv132362se1pxorpz.tdxvkk9ksy5-.8qw82702xttxapupmya.vvopcawpm0au5vmxras.ru,1
hb2uqrgq.km1ip4to76pku22wnbd7cgwm2p03a4nj.net,1
.cnw3x7mwjmgx1bshr269.61efwf3dffxv0-zgse9hqdv8x2stbgpz75c2x.com,1
y.nqb3f95vs8.org,1
jdeydessk4psi8yocvvhq4d5ei5-9ha735p8fr-65o6omag2tqzj1nqanv1vw4typ9n8bf56h0mxbep2ph28yg8a.edu,1
kjpouws7x0nvugo-61q4jwug362l7ezcr700y.co,1
jvfrumj2.1a17ka8tzpo6tzwfk1pa18wko631yjcdcpwlca64iq.-2x7v9s5160ctgrhy.qkus.ld6fqe.com,1
c9ieq2nr710phhwysh.m7gp.p5a5un7ttnz.txt,1
orke3nz6hs-iroz2w0bjuq-6jlje2rlxxf6w7.1ik3rlh3faqn0rzl1qvx8y-xy7big522966j9yhn0kuxf5nyz88sa.edu,1
az3th1u47jzss75cp9d5llj9zbvb-lmnla5r5w.txt,1
pvx-6earbam3yeq-bcm.ojavymcnwjc2c4ac-7zb4bvm4qx4qe3ecd4e7ef9baeh9-uq6j9cb7l108vmbpit.co,1
i6qeu-ouh9g2shvb.slf1wq91qwatdsy8b9zl9xjrbkz8t7q2lxzmaax..zn.edu,1
-oqoczasi7vpy61us8pe65iq4jvmd6f62lm-ork-t1f.txt,1
iyk250z8mm5f1ue5yeml03mo81pm28kxgp7d4qp6ef3l-vshysmjdris83.txt,1
r6egmd1o6wmgr5t1v3b2p6o950ouly7dt4v26fsm5yxv8un3rw4uau-2emopn4-6hw.com,1
2j29rho-clio4.p7cbkrpu3gwahd7g5zdtr05imrlzn.j20t045-rnmfo4xpg98-6rv8c8u.5ij8l4m2ox1a2r.edu,1
ntb94j31u54m8bnvpfmw50rzk84hyk-twnsi9hoaqq2b2ek8q9-52w-f9ompnf27sqxewxp-v215epc-j5g4k6xpepo.c688.com,1
6h.edu,1
.nzuxi.hiq3q4167upyg.org,1
476juggdfskarr6jstobuywgzauqgaf8adlol9a8n3.-tilw9x8x8exmq4txum2zipc-1c5z451349iogco7yryemn00m3s.ru,1
fkm9gfl9trflej.1712rghds3-lao2ru43ccyugatm165frzuqjww6moi35vr9mo-zi333zx.net,1
6at3ougyfyg0zp9.com,1
0b.ru,1
vjx558x3n0-.uqnali6ucgxzpepgk91a80sulvcle9607-tw5182tn1h1fu6khv9ss.edu,1
-bxtatmo5hobdfh-nrwc7a7s1mqwdme.r3pax.org,1
3wfw8sw.ejoty-dvedpp2q0tys4z64becezkwu.8h82.xv6myp.chx1.com,1
9avee0npxcdly6fq5.qkcs3vwn574fj.us,1
td2x4xv45c6slmviidgpcjpehkt-xabgi8xqt24kswc2h0byeke11wzycmukden96-phxeeq4h5dmu-ljm.us,1
hpnd6aps-.txt,1
hgr4-g0l7ubica.0a837.txt,1
z4.ru,1
9fta5np8nqqauhbqmghwwukbta6oyukbv9dawxfoz-btx7dtt0z5r2seoq1-7-y9vrz.txt,1
w8q319tj818-ahg-wbtgphw89zftqpt.f0jerq0dobu9x.us,1
3pj1ynfls86nz-9nmx0j.am5jr8e1c06ntu7roeyswlzl90tt6h3ax64oa.pt2klrtah29-zh.txt,1
nt40mnyoqif9ridpcjxdgsp0-hzz-dp65f.5ntjek1pc5x-c--icnczhxy1lq1wbo98prq-agq095rw6954n.net,1
te72peqxuys9svot0h8jy5uyjp5f8demvtb5b818jm.-x0cvu6d-p6fb1j5vqrt8i091xfqw870e4feq.org,1
228jjqk3fi6.jlt8q0twan7itp4vn0r8a3ar-gv9p7zwgmbgjq6c968vspd.co,1
llxo95porp4z2-oj9bs39hl9j7s29krr9kpsupyh..fv89qbbpd6ws8wddtbdai4cphkftlrt.4p.com,1
9ab613lfobnqu9q.vs0ouerdqphss64q0q2kd4ywmqprcj-gayiuio5-h046e-352a6-le1r.i1.org,1
7q4yh9aougfuuqsrknbs.qbj8oyxblke68cr2gjlhozgr19vd18yjn.ru,1
c0dff3003l91ow6v7nl0fakpui.m2-yhl9735v09sb1ygw4z8ga3-cp.com,1
.7mp1afdwk5qj96.pukkrfy923a8.pzpvl5gfyxt.ru,1
p.net,1
i49zgm569gs2g5v786gcsu8t26viv0zfb.lrbc.org,1
fhu8id52vcsx9sfwuda4sij2ne1zaojws4.-v7egp4dsntz1t-w5ue8lgq0to3yahvpwl5tmpi0zjfvinn28apw1-08.nn-.com,1
k5ch51eiihfuzrw.omjwu4mk9boplwquwiv1o-04e-q131o64hwc.xutdpcq5ikp9h-okvm4.txt,1
5ak8a4wi7h8-36spisvn2gah9hwxdat8ut347x.org,1
6a7q4cuh1jkjme26xybe446gvznhi5f33al746vz4gczyaakc9ww0.org,1
c0q4jjgazjoy8fvt-99q-.x.ycjvcq.k4-fb7g87r9bxlabu78dpnyqs2l7w2-9bdbb5xxbumsleox.co,1
c.-3h64sk1q9lyu8qgt6solhtjo7j7.cs9cmh820zuh5ymji87h0vaz15vks3oa9712k6-561t-krwoq5jyty875gmay.e.edu,1
ejq.84tn2j6840rlbw3k4khuc7cquo83liitwxisiicoq31ess0rv8s0yqf0numhgildhf3qgdh0xfha.ru,1
vdwc0y1i0xmwgrb5l-q17t08da0yb2tf.40-mh5p.682anbf9j3sq3bqpz3fkvgsj.us,1
vlm1a1c.org,1
15ytqcncwo7cwo71xzan46.m372cfpcmwbug2bqh-a4i-pfnt.21ab.pow7rquj.co,1
a2pmd86bwvowygsnefax623-0rkpm-hh5k41n9zha9ow8xq4o5kx.c30pc.3sa8f7z.us,1
e.eoym96s59qb.co,1
g88mvmeuaq4mpk9i9t0gy-ho49ditvhjk87nkz4-j0-ewg.0mej6j8ff90-q1mlq335ebnc.co,1
5if.org,1
uq43vlwzem.bmymc7vovvq66-xg57lutj38bk3fp6sd8u23.co,1
jwz13kg-f0i--2qvm6u1xsi0l5engcwbr9xn2tqxpl9-fouyk4ymwforht5okyg7f5tke-7.i.gwfho6-q6o1.net,1
a8wipcacr2yvi7cqydje-wgua93.if8z9dm08-idpsyx-bra4ly8wjxk.dxp54owy0f6-c-3r6uoy6pivoe.txt,1
z4xj4gzkeowb7yt3hcp3toa3p.7jpm0f6g.i89yvur8syvvzp32469anxmq.bua2hcxsnlqb9g1.us,1
bhkhwj5q0n4t27kw0ar1rfbhj6c2ov3k72ytztjje045irq0aen7mi02ujvqvlu.boio838hxk0jd8fxmld.rj5pquhugra.7g.edu,1
tyu7usfhe.3bbxu0660zbok2dgj13.i8bb2fn6zppmd.mn6tbgl0jmr9myt4ckfw7bbm5v.8qafffeknb4401n7pjd286x4cvs.txt,1
65f4dq5jnbibiz0.ru,1
ff.kr56isklg199impr479116epprmkjbbv0txr.org,1
0lptpiv.ru,1
pkj-7g1eezifmp605fvxnfn9nmaj8pyfcyssvg3jxdbstcxyvx6lzzxuldxcgp4ax787a5.psbv2c6.9.90.co,1
fvdeii3iehqk5gr.o6rkx.a267jsszyys.weeezno3p2uvsjdl2btstxg4pt6a18h0xdo.u73qy93zf-od05yfvrrzbr1qs.com,1
hdipq5j3lj752e6hxzapup4os2swdxwbaiv913vhvr.8w2vzuakeu1v0rta.i6e8x5m182r3-gctb04r39.txt,1
l0lw.morn5wqehf.2x-bqu8qc8088nd2lg.bjai6mhozvtd3rzvw71.us,1
3b8634v85cyz8ftvuq.go2da1blaaashgv1qziu323pvav.ru,1
2t7gt1nrfnxzo5cz3wk5eoxabvk-n67zf1.4scys7c.net,1
zjb1me17exi796aqygznadzdi5qc6zxiej0g.affdn.bp7xgbdftloysz4yrfp619vmv0z7y0.txt,1
eufehdwr47a8z.6fwe5v434ntqb2o-zquwthx3l9v5sc7-8irquw73np581i6yprsif2v1teigrlwgb.net,1
3p449mapyg35tc0tx89b-1zz.n88xyvodm51b330h3ln9tbwadny5izw.org,1
f17i072006836alnl83186epo.fax7okxlcbyniw1458b3mtq0ir3wpsw1lajkns.co,1
djnm180hini7x8niral.n8obsdxnxwj9-1gdfgkkmmdqbhpzsqbo4lelgp13q5vci8twfdb.r6s-60yday48d0y0l5n9.-.edu,1
0a64i7d0mtijqs-iiliv9gen4csihgctb-w60qyw8xkry0315sqxhozfem14ai2kwr.nue-yd3.6j0j6wff8.us,1
9mqav-v.eyu1ccv7ob82q4xq254npo78sibo6ihzpuoih0jnm314s4aq.txt,1
.g.net,1
3a1-971lvbqfuf6kulis08.dqu.0c7bbtshktpcxtxj.brxa4ms-vfq4u2u7rut.net,1
u1q8kw1rdzfx1.org,1
l7.us,1
da762v469xnf-.com,1
oksu.k.wk9a-1rctt4x-pdi3pv6p5iz09vs7ngrcav7-4ptj.wmbzrep-.g9vps53-gy8dq6f0por.net,1
brzklvqgq0h0ji83nn7as0mxpyhwhsjg9dqx7jdh3o.co,1
ohtb4aj0kbbcjf5vpj8-1iw659akf4838v9h8n91d75dd.org,1
bk2xv1ynqnx88l-bo8je6vf3tr7ttjd83g19uz.fgnk4ecww24mjapy-nzc053j8fo1.txt,1
tpvdi6ixfou-oaoj5fx0ssp51sy-5px8mkmn3hkw8gjfop8-za03idqmf1qsmoak.tvpbaoqjaklzprfy3u.n8e7b.lhb.org,1
5ekprjjp3w9g6xbpjah-w73ofsxufasx3fm6cs3s6y1gne6m53c.co,1
gjhkxvzgiyy7vyfyzogciy.rwg.us,1
71sz271y6jw0m1nmkgq11owix1f.com,1
1cfop5cp5s2n41pnihbz1erarts.net,1
orvhxe1o9j0608i6raa1bfkmfv.biz,1
1r7hfriac6t0b1bgok14m2f5bs.org,1
1h5u3e0fglg4ay51jbd1790csz.net,1
5k9y8emtko7ozcsfy9bzxdn8.net,1
4fj1aij3bzfs1wnyyvlsx86u.org,1
1d21drg1emfln31q6mccntkevmo.org,1
ihkypcmsrkrt10tfpd8px38o9.com,1
bwlvojlmzhgeg34fru1597ze2.com,1
6s32x9hs9jawamx0mtn33qwv.biz,1
16o3sxekd3hq91iucqua142pvkt.org,1
13kwgxh1k5wdpi1pm7zv715p3nau.org,1
1yi7pn4tmndbk1d6vb0fmojaip.net,1
1nwoi564kcehk1s947ca1euv4rn.com,1
8du9j51tf4kc31alzlq0281vzm.org,1
i4zlq5f346lzltyvzj2pjgu3.org,1
1tfirm41ooqk8m1qcls141bmi61j.net,1
12s7xsd12sxcg91r8xg9amufas2.com,1
1qbd3a1sdlxdu1emh5he13c1st6.com,1
59xy9s7mdn5xheyan1nqtcpx.net,1
1nab8d5uckdvnvttfd61gdisjt.org,1
qvzvo1kjxt0a1g3ma2k42gv17.com,1
1m0sghx1r8ua94ioj8661v856l9.org,1
e9wfnu20nspn1aq4zjybwyu3m.com,1
1ioe6mzgakcrzmiltwi32zng2.com,1
oi78o811sm78jhzktu5ywero6.net,1
hxi9or1a3jnh55xiugh1tei9mh.net,1
1dvbt4lmssmax1g6shmf135fomk.org,1
uga0ju102qov1swv36f1jjdq0x.org,1
1fh4lo91o29tbq1g38dkg1a3wpn.biz,1
1osruih2punl0jcikxm550igj.org,1
loaqkk4uv0er18y66ya1qma5t6.com,1
1tst36nc8mmaoqdlmkgjbkjg0.com,1
1acu4faovq2yt10t8yv210k2lh3.net,1
10g8b997pn4f91af59y61lpqd5j.com,1
1x29powmdhlmp7izlc45o09tu.com,1
mpx2sa6gozn7v29513x2d12o.net,1
17g7gsh1kyy2h91wo7bxu1y6s0s3.org,1
mpyvu8t6n2fz1hngln45i4pqx.net,1
pl1r10xaz342gokey61vcwk1g.com,1
1pfj8xkcgaszl1jhafpkervjxi.com,1
llcot21wk5zn81q4zp9wr5022d.net,1
91k6j21xrpqug1kwjc7m12av2h6.biz,1
dzrtsp18r1031cbcvpkyg88t9.biz,1
1lwumv91y6j7dw1kz5r6813a51ns.net,1
1f1y7sua7xj861d6qjd6kyg7fv.net,1
exjugrn48seobv4fpxcmne39.biz,1
gpximgsp2dl9equffg5mdvm8.biz,1
13tsgt615kv37kp1izlbidsa1.com,1
rbqcj6ev09w2adf7yx1b05sv7.org,1
ec37l519s8rc01r493qs1upyl22.com,1
1c52t72zywanr7un14leir839.com,1
jftv0y17gitjx1yce8h075r1pq.com,1
xtuaqn1kuvpihie1feu5guar.com,1
1ngx0g31ngegry8l7pwa1nsindx.net,1
8ehlcza6n8gb4rh42i8fsy04.org,1
77czjy1p7f0hu57a3lt1h59trj.net,1
tnkczw995h0n1xv75tl1t904ta.com,1
1b725ii1i70thj1dayiu21fnz7hj.net,1
ki0ry2bovqi51imo1yu179o1sh.com,1
e895c0boh3imr239rx155b593.org,1
iygjprvpmmbxnirwawhuej9n.net,1
juub3k13zowgqy3hdas16ov2fq.org,1
dm7eno1q65dyf1jts29o59svrh.org,1
13t1lnkua6etgp20baf1l5tcbj.com,1
1mf0y96150z1c81xti3bmnxw0og.net,1
roh3ghdl8db15gxxqph04wlb.net,1
7s1hs6bnko5vri7jqtwvf4n2.net,1
j1rwoa1ytb7rx1x1ozx7146tytq.org,1
k27p3l1hjhg2a1er7ovvid3anm.org,1
1m8a069wou9jaiel74xjsbk6x.biz,1
c1lgbds867rvd18d6c11eimf5.biz,1
xjgqh9xx6caq1d2h1nyo9uqcm.com,1
9wi0b71uv4ldi5k6nafsv11h3.org,1
1jgy4sj10asvu0cwd4qa4bdbw4.org,1
y9a396ezzhp1135sreudcdcao.com,1
r9z26q1twr2ct1uby66b1lhr5sr.org,1
14wa72y1a4sr1h1fwbq8koedgqo.com,1
1f32q5j5t8igm9s3p474gajl.net,1
1ooa2437r4j91ije97i14zwisw.net,1
77mt9lxokdkydq2bzd1027eaj.com,1
1pk0srge9coi1tev1k714paop4.net,1
15x0i7kzv2tqe1qxguz61tsi7w7.biz,1
knp5yz1f5f43u9vhgsg1mkrom7.org,1
rqkf8o43fcwg1boa9ca1wyh5q5.org,1
16mpq9r9nilfjo77wim1152tpg.com,1
1p4cub71932hvd1k7qmzt12t9bd0.com,1
ihz0x01gr6esq1rh671hur06dv.net,1
75ipflh0n8a0hrr1dahcmdnw.com,1
yunuwhcw6j467dyi5z1ikl5e4.com,1
1ihiqpklz4enlw3zw641pccleb.biz,1
kqbr0211n7vfg13izdo8x97bkt.biz,1
1lklb8n1xhrnw71ie0dpeo71b1c.net,1
1juzmla1watlf61fq357n1q86huu.biz,1
2exskt1wv1dyo10y8wlx1ya4dhg.net,1
1ft8zh41qt3wo23q9ylr1fx9tm.net,1
12k4o6w1m0kuqkdvper912asjy.com,1
1w0297oyrej6g3cnfno149x7pi.net,1
1wb0h87nqmfbb1o550651ddulaz.net,1
q0oc5b1oberx315muhvb1hocaqa.com,1
1mx9qm617qa4el1cwek2l2ihibr.net,1
1pppt6hockaiq3tmbaenwqn76.biz,1
1ipwdsobh4ed419ma3k35qj21c.biz,1
mb1bdcswluzi943lny1892h6f.biz,1
13jztz6uo5e1e1etrve01up8ca4.net,1
1g9ylbu1iz7ukdc4inh1ka2wad.org,1
yejpem1942juq16kh2wo7nqm4i.net,1
plefek19db5jvdy2vwb1apog5c.com,1
ewlfu5s0f81w1lwtb95zoxii5.com,1
14b5xsa1qt2ttj16w6qso3rhfw9.net,1
cyni8b8oz4i3uywtqg1pfntbt.com,1
c58vte5yeyi313ucmw1eoe4q2.org,1
y73wdt1mc174b17hyhdr86joem.org,1
1q7hqr7z9jqxl15k4qpe1rpys39.com,1
19wn9avkpejsrylwbg3x9lhcs.com,1
1ep9hye1dm5gal1otm5up3ocz97.net,1
1g215w01uvz89q1smkiew1x987y8.net,1
5ulnaltdc8h51fs0ueoc5dcml.net,1
1r5rdy1qza60h1nsxb1s1qw92e3.com,1
3bi0cg19eeyk31txnzs9zovrok.org,1
1yf3b49e4tjh61uhroagleow4l.net,1
aglz9n1dmxab8u2eefk52qyz5.com,1
10f9vuz1yku7xxvkneou1cl1o1x.org,1
4dt7qjvc5vy91a1bsl08wfdoz.org,1
1iue82ht34fq5uu31wbnxuaps.org,1
1a5caflyq2fxf1yg6m9ali9pp2.biz,1
1ht91p7ya743jin4l2z1vy6zu.biz,1
145cl651yrarqi1begy7kgcyrfr.com,1
99nh2d1qabk6d1ygk3bg1biuvp.biz,1
1naov5t10hdtp1tl33y21as1fp4.org,1
vm8s8292ctckl8xmwdoqbojr.net,1
qjgu2w12njo9dy9v4gm12aqwel.org,1
vzbw5tkd22yb1cdohs017z3vdv.org,1
ufby29147ywaoec4itd1eiot9x.com,1
bmeian6w8pfm8veb5tgma5dw.biz,1
hbinbynod4ic16m867i2vbahj.com,1
1a8orpx8lbpk4o0nsxv1qh14jr.net,1
17wccz81ictown1tw60nv13uxxbp.net,1
1i1aori1jsojsxjwhliyr0itih.org,1
ar12qk3o7e4u16cnpgaecrusl.org,1
1r5cjk71sh22zj1yusai71ili97e.biz,1
znm9uf1vpk7nnmaih7a18nlrci.net,1
tk8uke1fgbl8p1qatnvi13l64j6.com,1
146z84b182wuv63k2ictszu2h.biz,1
1l0ekhnkapr501herqlnta7265.net,1
1xdes91bl514hbd1yb312s51bw.net,1
1ji2kfk1syyguw1gtj5z2109f7fd.org,1
clquxo1moqw0f1ifdzry1luv56k.org,1
jg3mh6egn7sb16g3t47kvbusg.net,1
kxj80m3gvdhl8ieu84pkwoi3.org,1
1szwvua1mjuxkf1x2gzz311diikr.net,1
9221701qnhacdyzrs6r1bahjvz.org,1
1kxd0kdnfyvzh1heccntp18ffw.biz,1
10wkoj61vefl09dpd7qr1e1lhhg.net,1
1xfo1n4i2q26i5cep8h1i4b1fo.biz,1
1b750aozu2h281qlpkphw073ee.com,1
1yrj88w12wq15k6mqex718rjib2.biz,1
112tajy10x9mb3ryrf461qghqc5.com,1
1mn4nqqv9syb11l5cxou1n1wt7y.net,1
1q7xwqm1w4cfcw7itl021x05zde.biz,1
ewn5b81ujl8jj1octmnu1wa5xk2.com,1
1r87kps4fsx2i1l3hvlg14r4slf.com,1
pd0ygl1yf1s1v1altdr4ss8s0l.org,1
1eubz8n1510lcf1spnmmp27x55c.biz,1
1yskst417jl9oauovetjv48c9n.com,1
14vj47xpafxlu1o40ybt1naiuqn.net,1
7lgn4b1b7ml0v1srero511c4chx.org,1
1trowa31wenx4bngn2t11dc0o4a.org,1
1yt28dc1tjttnt1oknx1jdrdhzk.net,1
1538j8aqdlfbrv8n6vcjncsji.org,1
se4pi9118xhcihvuio01fw1zzb.net,1
1d8nu6tddb33tzebd351ij2blf.net,1
r5jy8k1rw3pc3alor6u1rklbbi.net,1
ezxi1tcqej3n6yyj7ucdx4m.com,1
ctem9j1f41irx1h0koma1idhso9.com,1
dexkud1g3o8ajgv069g1bu3d2b.net,1
1h5t4bqakz50e14i5ffs1in4wu.org,1
11tf1wx1pmak601faeldw1384yog.org,1
t7fta11y01k7yxtfv422mivbn.biz,1
bzt70g1b5oxrh1xjjvndjuplhc.com,1
12rq5kg221pav1gbift8zs4sck.biz,1
1dfi1714it4jt1qxu6w9zuwqk3.org,1
11nc88k8u2z7e12jyqat1fy3jo9.com,1
1kuaswunu40cf1mav2ib1kcxhcx.net,1
9yuo3awl8bwtodozky1cq0fzm.com,1
1btkzid610myc1u04q21njvtce.biz,1
tnlq4x13t5i0snnrymv1l7i66l.org,1
s7ll6115lv8xv1m2v7j713yqpor.net,1
16ulutq1qt8fpm69zjkb18vbs82.biz,1
1h9z13rnekuunhlfoqbgdkts.net,1
1viv32211f1hevqfzpwyybtx5y.net,1
19h2x9tttvhu4w66wrb1en4iss.com,1
6h2pfxkifuqe1apoy2bl15gfo.org,1
1f0z9ddnu4lecsybszdfwr3cz.net,1
1i0zo3320s29iylcqs81axwi9g.net,1
14khppx1y28wb21j7mgo2bgqy3o.com,1
13titje9g4rm9gtbvoi174fm85.com,1
1jljc2b9qpzfc1pwymm81u7l2fx.com,1
48jnct17lyqah4wlobvemh5l.com,1
1oxan8b1rm4ayv1lhewls1wlj9c1.net,1
y25r12hyt3dt1dg2hdh1umplt5.net,1
m9gutev4egumes0gy85t6n.biz,1
eti96jfte7iju75u8hwcihn0.biz,1
1g8kx9e11mra9j1lbbsk91khwiya.org,1
2zlc0lj6n9ahsgebcgdr85nh.org,1
92i5ou102vf6x1bcfzlo616bg1.biz,1
13rjctdm63sese2yb6o8ica66.biz,1
16tez398f5y764x74c1jv5c4x.net,1
1radrradbjg7cxa30re193dqf8.biz,1
ruwed6h3r6tz9y3d0o2vmyny.com,1
hhfa331bafuid1ic6ki5d6vmqt.net,1
y79nsf1lakizo13kis7uls402q.net,1
1vp7vmw12cywc11mi5l671eejah8.com,1
1swzb9l1t4skb01hmf3bhgl4i91.org,1
jypae41mqjdcj3qs9jjygqdzt.biz,1
1okmipc616nt81bgqwo21kgkl0g.com,1
1xky9931kqnf15qy3set8dgbl2.com,1
gwt63l5kqhbz1arcwyt33tzz5.org,1
oliodsg2uhfp1du499t16i57k2.biz,1
n8zfrj1wg0u8m1ok0az71hf6h5s.biz,1
1h98mak1reqm5zgotcjf1m35lgy.net,1
1rl1y3r3kn415rr04g4zbbcsq.com,1
1fecqr812yzynawd8l5clg7i74.net,1
2usmoe14lxwsk167i7m2lc72d6.net,1
12q60sqnlda3m16jrgnt1l0vkk3.com,1
1riktaz17y2nhle6pctu8cu0kb.org,1
3r38ua17tg67x1rw8kzq15njnfq.com,1
nxaf5uvs6w601jejoua1e4kj4l.org,1
1kp7z6tvd3w661a51pwq1ukxlv5.net,1
1lwxbs4kpfiek19ebi9sy201q7.com,1
1jwapze1hvnupb15y07ky1h7l1cs.com,1
2ebajs37t1j51fgkbco1b2eq3h.org,1
1361p8o1j8af3b1koxvtx1cf51u9.net,1
1dzudiciad2x01hixff99pqavd.net,1
62mk3810a5nlx1714qhn1ag3bbk.com,1
b08uar1r3kud81e624181f9t1os.com,1
1w77bt7tdiu0p1gekk901cbu8nf.com,1
1yl33hsnxj6mkyybqvl16yzah7.net,1
100nio91ra2kuteap7eh1o1qk69.net,1
1q99umrbuuzbk1gswdssd06yfv.net,1
1rawby91x28qcbgwqmpy4ey1gg.com,1
r8vuj5rl47v11cu1dbk1ldhdwt.com,1
1f3detiz9f7sg186axw1c8hnc3.org,1
1bj0bkm133d96l1tnp68e1t62lgg.biz,1
1ljayet1oq5npufdmi9u143izna.net,1
savj16gcn59ksepwqwzaxk06.org,1
145zxwcsohmzczh8onobu272.com,1
9idaqt12neabx1v4xplg6w0rc3.org,1
1os5v4xwlfn6o1jfcge810i8qe.biz,1
r1h39t115y6ba81jlx8h26se9.net,1
1w5tcq31ypxkpv13oohxmj0hox6.net,1
1viit9hh5oukh3x7191uccr5p.biz,1
ohpari1expq86ltk5y6lx1hwr.com,1
159rp584ukqv51eznezk2dofzk.net,1
14kq7ogtbfc3911jz7p9nlvdwj.net,1
1lrjwvh9d5o4x10kf67b1g7ftje.org,1
nnmnle16kvi0gsi647nmhkpwi.com,1
1n2obcg1esz0qo1ttriqn1g14yrk.org,1
1w9yt5i1lnfvehel27y1j4ehfm.org,1
8xt97ofssj04aqht471oz7upb.org,1
ff9p421geh5cy1eogqksp1oga5.biz,1
1990qkx1i4f1f7sq1sbsay41z3.org,1
1gnhemc1ur31lbv7eigi1hbrw5d.biz,1
xc1rqydwlgnvod347c196wbh9.com,1
r6dmur1tvv4i7brsmuz6hp02s.org,1
12aoh8z1rkwi8v1g5m4cwtrop11.net,1
975i8l1aeal2n1cxv2t9niugni.org,1
ae53it3opknnt9pdp5oiap4.org,1
drsx151vyehi6136b8ec1ihlqma.org,1
13nlqlz13b7nlu2mny7l1p4cduw.net,1
7msqyg1k9pimwd6js0v1j4fqtr.org,1
l9959k1mh5gk01rqijgt10kded9.net,1
5qhg6u1lkw5mwf1j68yf7o38h.com,1
1rsb4s81ibu92ywhhidu1ldwox0.net,1
zz5m7sk6cdpvi2fb6va57w4f.org,1
w59vk71xcgt3q1v4i7101bwqbl0.com,1
drs1rb1whwwq51a5y3w21766hrs.com,1
xhl11018027yh1dfiz63182k8pd.org,1
1hoxk0c1teujt3uzcu4n1ayksiz.biz,1
sqaybf1gvxxv210odj4117a5zh4.com,1
2eh5ab1sunl1m1sv0wz514v3zhz.org,1
inlsdmclqg8a1b38nhudhi5pz.org,1
mdd00s1nstc351hhqgbf10z251a.net,1
16u4plo1fd56o51um9yp19j7ks1.net,1
112bfle15lp2qd1p0n34xb1i7k9.org,1
jwy7441arqpst1h7cay4roxlsg.net,1
gr2zp41tb0nb21gt4whmn6t5vg.org,1
1e9aiud11ed98c1x4gnp7hi4q8s.org,1
1xfwku9sxdmoj1wogn8l1w3y9js.biz,1
un9ha3xl16quodw8je1tj8ja6.com,1
1gt5g9bkqn0d01q2a4991b8t1i8.org,1
1s6v13u1jt7tmz15t4m49wio6is.net,1
1ogqzza1kw4e0j1s6vhdquj98y3.com,1
ivkl769l3rr1cgu0npnelhux.org,1
o0cfq8v5mqwq1om7meluaxmui.org,1
119qrul1xtzxyumc0misoba4a3.net,1
a5jioutvht8e13ky2lc1f16h42.net,1
370izyfy2lpv1r4v1emvugsgq.org,1
1u1lesbe1hi8vzn9k31f5yq8o.net,1
18wku1etyg00vgrxsrq6fdey7.net,1
gw3rtutay1ww1vsismbgfg8p2.net,1
jq61i1pfp0knr23940qwutyo.org,1
1v5dc031fzpvpfvw1zg710vwzzb.com,1
7bfwe31s9as3b179ighf6jikb5.biz,1
xl82ld1pmq3hti3nb1h44ozx9.net,1
1o3ymi31wqr0xslrvgm14z0jn3.org,1
c7qwtl1sxxlhft26mku1je50c.org,1
jf0fadb5mzqu1wpq1k2gluon0.net,1
1pcdvur1cbnsnejr4j1j1skzzyb.com,1
15kqq2iq7xchk90ezns1a933yp.net,1
y3png811lctxn1jickfv10mh0q4.net,1
10tks4h1udq0hlwa6xzcyscsrh.org,1
bf2wg1g2jfiqocl1v858mwg4.org,1
1so59tb1q1oz6n1c4m9he10r11az.com,1
10evxhkm7kw5x1h2vo2d1vgrbtx.org,1
1ye49rhmsi95y1w5j4wyrp9qf5.org,1
11rkgxo13135ie7b4r6k1eg7dkg.org,1
aq69m3187qq9dhk936xiw2o7q.net,1
fmzxh3puxdp2p2gfbk1iwjqic.org,1
147z4qltw2uaf1tbmuf7e9ghdc.com,1
1t2jc1t1tzbj0y1mnpuna160oegr.net,1
5k2iuz17h7dsyrbut46yir550.org,1
1cv9m8othq7t418rwrig7frx4p.net,1
1ypn3r0bu0hzq11fmv9c18z6igi.biz,1
5rjw60ixwbnq19uqaxp15fn9gp.net,1
dxjkde1likx2eol4v5b1413rtg.com,1
gnlzyx1xfmj145uihnn1u0cl4f.biz,1
e2ts3t1khnbe3c8n7eivqdzwk.org,1
irjuvoeuyahd11eykii1ctybnf.com,1
ud5dgnq9p3jq1gb098h1gastpq.net,1
et475v1pdbhmlxzkvk8opc7oz.com,1
1idhfioj9vpog1rqjeaf1j12dwc.org,1
1vyw9nuhzeto01nuabe7kajpvp.net,1
1cxlm3fn7joyo1tzptdonvc7.net,1
xsaw9dg5dxra1yw42v816wfeob.biz,1
yixjen1wbwotxnqxjtz17k6ogv.biz,1
153tkw3hkj6a6kgrw8w1csrcg9.org,1
uvahtc1dnv9h7o93cmm1upwn61.net,1
31d75d152rwwr1u6v925180af83.net,1
kpqi9xklbf381212f2w2b91k1.org,1
1rqcm0u1u0y12npk4wcf1e5yexs.biz,1
77mugf1sf5c41inyi73bplnov.org,1
x4ndiykj7mi113f7x5qoclpwg.com,1
123bij7u8y02419d1sapx1inqk.net,1
1tiwaua1nna8501pa5n5pyk230m.biz,1
g6jcs2hdxmuu1fmoztb9n9bdk.com,1
18klyt8c3k6igopsdn18ov13n.org,1
1y722deq06nhph7sedokbgefd.net,1
1c06zjtu54hus1ce0n0jy7d0u1.net,1
bdvmhz19qxupx3rnh9m1ddvvkv.net,1
8rtkt413ruc6ifkbipa1ptrt8a.biz,1
1vt70h510ijrer1ih754persa4.net,1
kln3ljksmt9nijbq9t1qbm6o.net,1
1a1n1q4mh9vr04kyy9e1r5ubon.com,1
1go7tyd651685nt3uih1owz16v.com,1
ip9spe9luern1xekavk178hr1o.biz,1
106vui72xvgn718531f6275fv5.net,1
15q71xxwvhb97z4pa3r38a0kl.net,1
o3oqk8zxfmizy0w2e418r9ztq.net,1
qpaxqczmuf7hfmkdld19dvqjw.org,1
r4ph04l4iqecks9ifk3k1388.org,1
xnnl5p16lkjns12m9xgizwtc4q.com,1
yqn5lk2bwfoij3stq81035wkc.net,1
53qz4k11nwzrz5bl3np13t6zj5.org,1
1u5w8ctfk58olxkkvg45oefvx.org,1
nfj7xiyybg01cxn7fq5badr1.com,1
dlra5g3kwx3gd5weio1kqvtsf.com,1
2ibupxvcy5x4uzrbw6mlfxz9.biz,1
1hwt0eg12biwjg1up8y641jkcwj3.com,1
1k787hj42x5afj899gyw2l761.com,1
1cidm0lg6omjoygbkrx1nq12h6.com,1
ka10c31a85rb2ubu1zt4osh7o.org,1
s8nr38tobnpg9roztc5kug7q.org,1
2ofhe91u0ny4g1d33ww612atudb.net,1
j5u5tc2ttbdsfegtok1btmsl7.com,1
11syt4p1l2p3ys1xy2uth14q3k4.com,1
1l19sepam14pr1gk6uo915cqjd9.org,1
1lqc9go1sitprt1ezo3a94u2z0v.net,1
150d17e11aa3vk12rq8on1g9swml.com,1
lhbv1q1n055gy1aop8no193wzep.com,1
186p5k10mucfmzftjum1kyfymt.org,1
et9kleprrlbx7heczi6l6voo.net,1
w9ph16ckyonq1gphctv9a6whp.net,1
w3qi221y4e0zn1nfjbbb100h7l2.net,1
zapdew19qdw1pxj0dqmf7dw6c.org,1
164ar6qd08nhqzc1qsb16eax9w.net,1
6fiu5213h4sbo8knoxx1f56itv.com,1
1m5uz981ekel71lv6r9g1btlkv8.org,1
he2o5iq0yfug14894whbpa6n8.com,1
1m2zf379jtxvym86xyk22tk3.net,1
1jvk7rxa4egb6c4e3iunw9kdl.biz,1
sf0ypnibxro816abvgg4z9h4o.biz,1
1jntprj26ozke9mw1h67wnrre.org,1
urqznfwfao8ysfztz11fjk52.com,1
bnheir6jg1122vzg9t1hg74d8.com,1
150zh911pa3j83l8jr4q1b6bkg4.net,1
11k6i4915ckksq1drykya1fsvtun.net,1
ex5cov1lijtvb16b4jqggycgxl.com,1
12wxmui1iqxp39v8e7gh9tcn0d.com,1
dbiphd1s9oy85j3uiojcqr4t.com,1
1dn3un81r79z4m1232ivsa9sh2w.net,1
1lbr67z1e5bxsn4pqklne86ojf.org,1
1gpo5pm7ystk1l4yy1b1m10o08.org,1
1ws6p6a1ynk4q7w0py1e14h2e5q.com,1
8znb0tqbysew715998fsct7j.org,1
171bvz21wi6abgrzntrbrwt5gs.org,1
8rnl2m1rr4kce19m0hv51fw9vcu.org,1
1avjr0t1gawut31gt7mqy11rnuft.org,1
kolddb5ljlzn1qvbp2re2nmsx.com,1
ffsbscc2rwttj7a5o21okqr6e.com,1
wpdurnuhuvuyocudv56cnt5m.net,1
d5ixstna02cupos6gg14sghp4.com,1
1btqc837buar1neg6ie333jhi.net,1
qjjqw7b9nfhkip0a9j1doyxup.com,1
1jmde5rjbqmnn1bjk4vz1qo4lwm.com,1
k2wa12uugjbn7vfhzhxc0nad.net,1
qcycow1u6nh7fhac519r371s.biz,1
l2he6110epbzp1e3zacw1fi7n85.net,1
oexw2w14wf7yk5vehlu1d6vnf1.com,1
8w3onvmxomce1989l8v16gv2jm.biz,1
12km99ssqpufi1y4mjnrkoeyso.net,1
3u5wzp7ts0ul1qpunml1eort4j.biz,1
1ff9m8818bp5l318s1mcq1wd48s7.org,1
e72sofpakeen89apzo1rjwtd.com,1
1nsjwrk17jqqjy3b7du6ckuoqd.org,1
pacv21ihtoppwi3cpjy76cbz.com,1
230fd61nqjvhgylhcszqb4etd.net,1
3zeopl1lezaxa17kv9vosfexdd.org,1
1na88ep1i8uxv3mzqs6w12h6zw8.com,1
1day1o8yvjlm7wmf3tn1ceex0.net,1
17dxwawnx6z8z117r8fw9rz8ag.net,1
1nn3guug0ugwgzbjofmpfzkfb.com,1
zy7qzdbg2tk49gk15sm0angh.org,1
qpy3w61it7yt912qp3gr1rweoqj.com,1
juy74luqj66fhp0vpz1eel1v.com,1
181gye91the2wj66n9wrngtm31.net,1
dc50n817x437g14u7h92gh7331.biz,1
88s15wu7fhci1dtql871jt182m.com,1
17al0nfnjv96kp0ebl4hm9sr4.net,1
im3mgp57sau3bs1gkp1lh8gk0.biz,1
7xvvg31oi51vp4h1zly14ixt9u.biz,1
18g0dgm1fntxlm1k4aibs5zxmrg.org,1
yolx0ewtvp42dk27qe11s8syt.com,1
1wgeow41khaa9m149z5o2378kil.com,1
1hni6pa10cvakhmo5r2hf0zho7.com,1
139fb38yxdjfu1flsufo1t3giam.net,1
1kxzo0ar5az7k8r0mfxyydw19.org,1
jaxulv14x9ab71xy0rb5tzqvi.org,1
7xws1w147b1jmarst7y1pkhr85.com,1
sisbij1hhtsghwx9t0c1y3uykb.biz,1
k5j2rp12effnobovckzkmxmgs.com,1
1y4cpm41ptmn1y1o216ftxb09cc.org,1
1j6808p1gv30xfuikriz1aq1sse.com,1
izu07n1t8okmzcxr10n1b84fvn.com,1
10csmnwdlsnyw6tklgq18nycbo.org,1
qv17vojr4dbn11zthbpmfo4se.org,1
i81prs8wjs861qcsif71cyeooq.com,1
1127qovf8oqzc1eog6w2w2tsaj.com,1
1mzs3os4d3hrnhatzv81bw00ex.biz,1
i44mhjtz6d1zxgq9nd10fvyhk.org,1
13h8pzue4liyvbvlwt11nbazun.org,1
6e6bqs1bbmcovukufk3hzhri0.com,1
113yufjtvk5hy1ihccof1ja8tor.org,1
1e83h7qg66gtbhlflr5107c9va.net,1
1lytj5ghqq9v31kwhumvzutt0t.net,1
112t6il77swwm1iqjg7ov2xtnz.com,1
plcbtkq0plxkgcwcxv1jfrq62.net,1
38puf71ulemrl13wkoax1aed0qz.net,1
1hi7bgfr55yul8kork0356q3i.org,1
m8442c13jiliwtqmhavcydn9.net,1
1m7p0fi1b17vm15b0yvrwqt9wr.org,1
vc6cq219h4br1n14grujau144.net,1
1pgl7km10aviro1uky39neoapyi.net,1
58lucoq5nzj3jnsbnll9jixq.net,1
5nswo91jo2si41kv8vvg1cpzn6s.com,1
4ovwgr1yn76ux4vam2qga1qro.net,1
1o26xo6vebgri10naeimj1lw8f.net,1
23ve8q1nk5k961dww1kb198catc.com,1
1v1bmjx19wk0bm1us0ca07o0dwx.net,1
1jovsyzcf6o4yu6nqtb1elx1ln.net,1
1b9xhme1vvz6nr16h6z6b1qprwb6.org,1
mt2vzn1tv4ult13dim8kfmq4w6.org,1
1gnero01ftshnz1e4mi6o4ii9zp.net,1
6gn66q1121shvbrwlcn1xs49jt.org,1
jtira5i34v21j8a3ap1yyo981.net,1
1u5m1i7p5rmw91on49khiwo98r.org,1
uuxhn513fsq8k188phx01elu8pz.org,1
1f4ssttq1n2ye7eyuch31qfyw.org,1
1gk3vvm1q2h97kmy6q6q3yunjq.net,1
1scnlozodf1le1ahcu39tbhb0k.net,1
1g8ev8u12o085upr632hdse5x3.org,1
4fxxvp1scg3441ga6y541mbxrof.com,1
1i1du2r1l3urna1ibxtdf19i3tcr.org,1
19j0sx1fqpmwv16939itm0mnyq.org,1
12ojka06q2quxjz74h7ol48rw.biz,1
1ebiamguqznxk18eue21ihdeh3.biz,1
rthz871dqtqzd11u6snijmzejo.org,1
ajzekt1isf0tn19ca10u1m14k5e.net,1
wx0ufg19dmqj91mknvt9lzqmx9.net,1
webmagnat.ro,0
nickelfreesolutions.com,0
scheepvaarttelefoongids.nl,0
tursan.net,0
plannersanonymous.com,0
doing.fr,0
saltstack.com,0
deconsquad.com,0
migom.com,0
tjprc.org,0
worklife.dk,0
inno-make.com,0
food-hub.org,0
bikemastertool.com,0
betenbewegen.de,0
vk.me,0
twotigersports.com,0
517mrt.com,0
siel.nl,0
e-hps.com,0
infowheel.com,0
synirc.net,0
abuliyan.com,0
easy-ways.com,0
stark.dk,0
funwirks.com,0
eurocqs.net,0
202yx.com,0
nikko-sake.com,0
xnet.lv,0
visionpharma.com,0
trade-india.com,0
t-bird.edu,0
siebel-crm.net,0
adriaticapress.it,0
41789.com,0
autofirenze.biz,0
minniowa.com,0
sweetteaproper.com,0
recruit-dc.co.jp,0
competitivecameras.com,0
zoncinta.com,0
vadim-prostakov.ru,0
vk.me,0
securitasweb.it,0
mandarinclass.my,0
pbxi.net,0
zyznowski.pl,0
meodia.com,0
niceinternetmoney.ru,0
guardiancaps.com,0
bbccable.net,0
ams-luenen.de,0
ihalehaberbulteni.com,0
salvia-community.net,0
superpowerfruits.com,0
bereyellingergl.com,0
downloadfreetvseries.com,0
iqshop.ro,0
urbancliq.com,0
rocket-media.net,0
uskudarhaliyikama.org,0
ftbp.ro,0
savedeo.com,0
nanabit.net,0
memewood.com,0
divorcereform.us,0
solarincomefund.com,0
novofri.com,0
8852088.com,0
admil.ru,0
rafonline.org,0
bois-francs.com,0
pieceinch.com,0
tel.com,0
teenpregnancysc.org,0
wisdomforhealth.net,0
powgnar.com,0
screenmediamag.com,0
pricerabbit.com,0
archive-host.fr,0
hotimpit.ru,0
detskie-krovatki.by,0
3sitracking.com,0
hellfiremods.co.uk,0
eslyoga.com,0
buyphen375cheap.com,0
kilgour.com,0
vk.me,0
hualienhouse.com,0
tour-box.ru,0
servizioallerta.it,0
denyojp.com,0
2912muranoway.info,0
centralepiecesauto.com,0
bluedynamics.com,0
xjs123.com,0
veryicon.com,0
emrekoldas.com,0
adc-inspect.com,0
vusadbe.by,0
morban.co.uk,0
hainanair.us,0
vk.me,0
metar.gr,0
reviewsearchfree.com,0
treasureislandbar.com,0
mobilier-bebe.com,0
bvillaseminyak.com,0
sponsoredhomepage.com,0
santifortwo.com,0
pcrecruiter.net,0
bcdtofu.com,0
thefavorite.fr,0
aneventapart.com,0
pces.in,0
alamelphan.com,0
hotel63.com,0
kitubi.com,0
zenrog.com,0
kinderroller.org,0
naverisk.com,0
teme.us,0
tlinkbroadband.com,0
de.vc,0
rivnetwork.com,0
bufobufo.eu,0
friatider.se,0
mannllc.com,0
rideukbmx.com,0
agnx.com,0
stackablehost.com,0
muzed.co.uk,0
up247.me,0
vk.com,0
urt.is,0
notabilus.com,0
jordansun.com,0
frosta.hu,0
lacuisinedegandi.net,0
baolongphoto.com,0
sheispriceless.com,0
retail.ua,0
pattaya-bargirl-investigations.com,0
teksyndicate.com,0
d-strage.jp,0
akselparis.com,0
lilylolo.co.uk,0
mockquestions.com,0
rocketdownload.com,0
shopkeepapp.com,0
postageapp.com,0
mkhoj.com,0
ingwer-gesundheit.de,0
velvetblues.com,0
deltacountytx.com,0
idenyt.dk,0
searchforrecipes.info,0
simf-net.ru,0
fraserwebdesign.co.uk,0
runboard.com,0
worldoutofbalance.org,0
amrefgermany.de,0
ricochettrendz.com,0
logicspot.net,0
johnbarritt.com,0
westfest.co.nz,0
x-muehle.de,0
vk.me,0
ford-2sale.com,0
kinoman.tv,0
akorda.kz,0
terrania.ru,0
selmanpeskir.com,0
waydesgin.com,0
jcdrepair.com,0
omegamepis.com,0
answersforapple.com,0
videofeet.com,0
luxeweddingdesign.com,0
thepropertyvault.co.uk,0
managedemail.com,0
hrhairextensions.com,0
triecienspeks.lv,0
photoshooting-art.com,0
dns-roots.net,0
statice.is,0
sygeforsikring.dk,0
pleg.ma,0
memecorner.com,0
wimmercycle.com,0
sugoikr.com,0
hennensobserver.com,0
phim8.vn,0
kaoxve.com,0
mastitorrents.com,0
choople.com,0
all-nude-celebs.us,0
techpowertw.com,0
gwynnemeeks.com,0
eissmann.com,0
foxydeal.in,0
bigglook.com,0
camdough.com,0
blazingcore.com,0
vn-logistics.nl,0
hacogata.com,0
inspiradigital.co.uk,0
ce-richtlinien.eu,0
djbarryblends.com,0
untitledradio.com,0
chinahomegift.com,0
zgdaliw.com,0
qfpay.com,0
84tao.com,0
farat.ru,0
sootooo.com,0
vk.me,0
trianglemoon.com,0
golf-absolute.de,0
grtplains.com,0
windmillchiropractic.com,0
thegrillbbqstore.com,0
veronline.li,0
giga-cv.com,0
xaman.com,0
maurerundpartner.com,0
opf-labs.org,0
plinks.jp,0
lithiaelectrolysis.com,0
kentuckysportsradio.com,0
welding.su,0
design-pilot.com,0
wcsr.com,0
telemagazyn.pl,0
coldclimategardening.com,0
dallenhomeschoolreviews.com,0
guidgen.com,0
cafe-campus.ru,0
helander.co.uk,0
odwyk.com,0
toppsfootball.co.uk,0
morgane-le-fay.de,0
khamphamientrung.com,0
tas-t.com,0
comeser.it,0
spvgg-haddamshausen.de,0
winkhaus.com,0
netbridge.ro,0
frenzyestate.com,0
comprabolsos.com,0
medicclub.ru,0
akfarsam.ac.id,0
vk.me,0
rw-kupplungen.de,0
archers-contois.fr,0
dyndns.tv,0
visits.lt,0
us.tf,0
wholesalejerseyssaleus.com,0
supertabak.ru,0
vk.me,0
maketechpr.com,0
registratuperro.com,0
z9project.com,0
menkousou.com,0
futchfactor.com,0
sauipe.vc,0
peregrineadventures.com,0
daegusoft.com,0
rvillageman.com,0
ocs1.org,0
valleyfireworks.net,0
vk.me,0
jw.org,0
mcafeefamilyprotection.com,0
leblogexpectra.fr,0
schreibwirkstatt.de,0
doommovie.com,0
1600x1200.net,0
xn--verstt-eua3l.info,0
wallofsoundstudios.com,0
leernetwerkeducatie.nl,0
frommyheartproductions.net,0
pokupaisumom.ee,0
stiahnut.sk,0
fusionedgephotography.com,0
forum-wf.de,0
webmusic.asia,0
cic-tripleadvantage-creditreports.net,0
deeperfaith.org,0
geneeskundeboek.nl,0
andrewraposo.com,0
poolrepairaustin.com,0
ayto-oviedo.es,0
arianapassion.com,0
mpa-ppm.org,0
regus.it,0
myboardcast.com,0
amanto.be,0
srsportal.com,0
staffingcalendar.com,0
haikoheinz.de,0
bestelectriclawnmower.co.uk,0
ruitx.cn,0
jbbr.net,0
afresnohomeinspector.com,0
bathroomgurureview.mobi,0
barcanovainfantilijuvenil.cat,0
matandme.com,0
myra.com,0
search225.com,0
egyptopia.com,0
englishwordsexplained.com,0
spinetrac.com,0
tchl.us,0
az.gov,0
gaybodyblog.com,0
mailkenti.net,0
alldisneycartoons.com,0
globaldir.org,0
van-photo.com,0
alcostop.org,0
kurkiewicz-family.com,0
bookmarkingpages.com,0
newyork.com,0
karrdoctor.biz,0
herrajesarena.com,0
afisha64.ru,0
patsem2013.org,0
bikersworld-rathenow.de,0
openstreetmap.fr,0
jriver.com,0
umka.com,0
shipbroker.no,0
tradefair.com,0
tenkarausa.com,0
wincrm.net,0
usenettools.net,0
crsgfk.de,0
ellowcn.com,0
imperialantiques.com,0
moph.go.th,0
sharedpregnancy.org,0
youtubeinmp3.com,0
haoyisheng.com,0
silkroadtours.com,0
glsbc.com,0
downsyndromeiscool.com,0
tomsgames.it,0
mysearch-online.com,0
studiototal.se,0
glas-forschung.info,0
intuitionstraining.org,0
stedelijkgymnasiumhaarlem.nl,0
thecroydoncitizen.com,0
oddstowinworldseries.com,0
vivesoy.com,0
gt.com,0
ehgou.com,0
labelproducts.com,0
moln.is,0
mcdonaldsleon.com,0
ashishlunawat.com,0
vnsofts.com,0
idospower.cz,0
mmblog.tw,0
glob-marks.com,0
sceper.ws,0
thurlownunn.co.uk,0
moriyama.com,0
thompsonnutritionals.com,0
wandern-trekking-spanien.com,0
jamaica-star.com,0
paradiselandingwi.com,0
lovetoloves.com,0
cddwyy.com,0
hapt01.cn,0
duartelawfirm.com,0
moskvin.ca,0
idc029.com,0
ronincast.com,0
sonnydickson.com,0
brightsign.com,0
schaer-info.de,0
congtynhunghuou.com,0
inpromocenter.com,0
theperfectoutfit.net,0
cenblog.org,0
emesce.com,0
mrirad.com,0
acswebdevelopment.com,0
aze.bz,0
elevenparis.com,0
stylesitte.com,0
kathihill.com,0
dmxis.com,0
astrology-readings.com,0
mujerlunabella.org,0
kcoolonline.com,0
drifty.com,0
ducaticlub.vn,0
webwaterland.nl,0
vk.me,0
starepolesie.pl,0
apamanshop-aichi.com,0
vk.me,0
ibermatica.com,0
sexhealthexpert.com,0
thevisualecho.com,0
afy.ru,0
aaronwhitaker.com,0
mybaby2017.ru,0
igrfan.ru,0
sjwmcs.kr,0
gigposters.com,0
firmanetworks.com,0
winefestivalattheplains.com,0
highfielddental.co.uk,0
babyweb.sk,0
socialtechnologydesign.com,0
care4horses.net,0
mobi03.ru,0
dsl.sk,0
expd8.com,0
phpmagazin.de,0
birthdaycardsayings.net,0
rpy-italia.org,0
portablefirepitx.com,0
cookrepublic.com,0
fashionista514.com,0
bakaon.com,0
nekostudio.net,0
navtechradar.com,0
losefatpronto.com,0
sustainabletriangle.com,0
bs-holzgigant.de,0
todaysgeneralcounsel.com,0
acitydumpsters.com,0
vk.me,0
runyusha.ru,0
p2a.pl,0
bostondesis.com,0
kujian.com,0
garnier.ca,0
tafreevar.com,0
chouf-chouf.com,0
nestormedia.com,0
irobot.com,0
greatmillstone.info,0
ch-go.ch,0
friendfinderinc.com,0
nigerianbulletin.com,0
taleera.com,0
e-taneya.com,0
dpointsrvcs.com,0
razorbackironwork.com,0
legalis.net,0
worldtunez.com,0
admbel.ru,0
biotechinfo.in,0
taroscopes.com,0
lcui.org,0
eradek.ru,0
scgolfpanel.org,0
closethebase.org,0
servnettech.com,0
hourlyfreesex.com,0
ybgli.org,0
naomix.com,0
projecocontracting.com,0
camcard.com,0
dpatrickporsche.com,0
genderoffenders.com,0
gardeninginflorida.com,0
infografeno.com,0
esporta.nl,0
digimail.se,0
mwcloudplatform.com,0
energymedicine.org,0
ubllcdhn.com,0
yenta4.com,0
frankrust.com,0
kylemedia.com,0
la-phoceenne.com,0
uc.cl,0
smartstorexperience.com,0
amedeos.net,0
car-crm.net,0
centromiami.com,0
exoupdates.com,0
moneyam.com,0
swoo.co.uk,0
oz4abh.dk,0
mbohal.cz,0
easypage.fi,0
smoro.fr,0
jennifermay.com,0
owlcreek.com,0
playmileycyrusgames.com,0
syasyou.com,0
google.com,0
facebook.com,0
doubleclick.net,0
google-analytics.com,0
akamaihd.net,0
googlesyndication.com,0
googleapis.com,0
googleadservices.com,0
facebook.net,0
youtube.com,0
twitter.com,0
scorecardresearch.com,0
microsoft.com,0
ytimg.com,0
googleusercontent.com,0
apple.com,0
msftncsi.com,0
2mdn.net,0
googletagservices.com,0
adnxs.com,0
yahoo.com,0
serving-sys.com,0
akadns.net,0
bluekai.com,0
ggpht.com,0
rubiconproject.com,0
verisign.com,0
addthis.com,0
crashlytics.com,0
amazonaws.com,0
quantserve.com,0
akamaiedge.net,0
live.com,0
googletagmanager.com,0
revsci.net,0
adadvisor.net,0
openx.net,0
digicert.com,0
pubmatic.com,0
agkn.com,0
instagram.com,0
mathtag.com,0
gmail.com,0
rlcdn.com,0
linkedin.com,0
yahooapis.com,0
chartbeat.net,0
twimg.com,0
turn.com,0
crwdcntrl.net,0
demdex.net,0
betrad.com,0
flurry.com,0
newrelic.com,0
yimg.com,0
youtube-nocookie.com,0
exelator.com,0
acxiom-online.com,0
imrworldwide.com,0
amazon.com,0
fbcdn.net,0
windowsupdate.com,0
mookie1.com,0
rfihub.com,0
omniroot.com,0
adsrvr.org,0
nexac.com,0
bing.com,0
skype.com,0
godaddy.com,0
sitescout.com,0
tubemogul.com,0
contextweb.com,0
w55c.net,0
chartbeat.com,0
akamai.net,0
jquery.com,0
adap.tv,0
criteo.com,0
krxd.net,0
optimizely.com,0
macromedia.com,0
comodoca.com,0
casalemedia.com,0
pinterest.com,0
adsymptotic.com,0
symcd.com,0
atwola.com,0
adobe.com,0
msn.com,0
adsafeprotected.com,0
tapad.com,0
truste.com,0
symantecliveupdate.com,0
atdmt.com,0
t.co,0
avast.com,0
google.co.in,0
spotxchange.com,0
tidaltv.com,0
adtechus.com,0
everesttech.net,0
addthisedge.com,0
hola.org,0
btrll.com,0
gwallet.com,0
liverail.com,0
windows.com,0
burstnet.com,0
disqus.com,0
nr-data.net,0
p-td.com,0
geotrust.com,0
admob.com,0
crittercism.com,0
bizographics.com,0
ru4.com,0
wtp101.com,0
ksmobile.com,0
msads.net,0
thawte.com,0
lijit.com,0
cloudflare.com,0
360yield.com,0
dropbox.com,0
simpli.fi,0
smartadserver.com,0
globalsign.com,0
mlnadvertising.com,0
chango.com,0
connexity.net,0
moatads.com,0
s-msn.com,0
entrust.net,0
tribalfusion.com,0
domdex.com,0
google.com.tr,0
whatsapp.net,0
ntp.org,0
amazon-adsystem.com,0
viber.com,0
disquscdn.com,0
yandex.ru,0
doubleverify.com,0
bkrtx.com,0
criteo.net,0
outbrain.com,0
questionmarket.com,0
adform.net,0
yieldmanager.com,0
typekit.net,0
goo.gl,0
voicefive.com,0
owneriq.net,0
media6degrees.com,0
tynt.com,0
symcb.com,0
advertising.com,0
audienceiq.com,0
wp.com,0
rtbidder.net,0
wikipedia.org,0
adroll.com,0
icloud.com,0
gravatar.com,0
collective-media.net,0
appsflyer.com,0
dmtry.com,0
blogger.com,0
taboola.com,0
legolas-media.com,0
images-amazon.com,0
afy11.net,0
aspnetcdn.com,0
hike.in,0
feedburner.com,0
bootstrapcdn.com,0
usertrust.com,0
adgrx.com,0
brilig.com,0
sharethis.com,0
flashtalking.com,0
mediaplex.com,0
eqads.com,0
adscale.de,0
imgur.com,0
edgesuite.net,0
blogspot.com,0
msocsp.com,0
wikimedia.org,0
ssl-images-amazon.com,0
amung.us,0
flickr.com,0
rundsp.com,0
trouter.io,0
edgekey.net,0
rfihub.net,0
utorrent.com,0
thebrighttag.com,0
eyeviewads.com,0
switchads.com,0
tiqcdn.com,0
mozilla.org,0
jwpcdn.com,0
exponential.com,0
abmr.net,0
nanigans.com,0
zenoviaexchange.com,0
aolcdn.com,0
licdn.com,0
mixpanel.com,0
254a.com,0
mopub.com,0
creative-serving.com,0
statcounter.com,0
jwpltx.com,0
parse.com,0
ensighten.com,0
adtech.de,0
brightcove.com,0
acuityplatform.com,0
gfx.ms,0
ixiaa.com,0
reddit.com,0
visualrevenue.com,0
google.com.br,0
stickyadstv.com,0
google.it,0
yashi.com,0
jumptap.com,0
interclick.com,0
tapjoyads.com,0
globalsign.net,0
eyereturn.com,0
pointroll.com,0
googlevideo.com,0
virtualearth.net,0
gumgum.com,0
triggit.com,0
tumblr.com,0
gigya.com,0
teamviewer.com,0
insightexpressai.com,0
msecnd.net,0
gemius.pl,0
oracle.com,0
sonobi.com,0
fastclick.net,0
ebay.com,0
adobetag.com,0
surveymonkey.com,0
stumbleupon.com,0
admaym.com,0
invitemedia.com,0
superfish.com,0
google.com.vn,0
yahoodns.net,0
tapjoy.com,0
blogblog.com,0
mxpnl.com,0
omtrdc.net,0
skimresources.com,0
akamai.com,0
adobedtm.com,0
starfieldtech.com,0
skypeassets.com,0
a.com,0
btstatic.com,0
researchnow.com,0
conviva.com,0
hotmail.com,0
bittorrent.com,0
openbittorrent.com,0
vindicosuite.com,0
duba.net,0
publicbt.com,0
impact-ad.jp,0
netflix.com,0
ib-ibi.com,0
smaato.net,0
netsolssl.com,0
fetchback.com,0
appspot.com,0
vk.com,0
mozilla.com,0
accu-weather.com,0
yieldmanager.net,0
yadro.ru,0
histats.com,0
netseer.com,0
creativecommons.org,0
live.net,0
vizu.com,0
youtu.be,0
kau.li,0
eyeota.net,0
weather.com,0
provenpixel.com,0
veruta.com,0
umengcloud.com,0
paypal.com,0
office365.com,0
simplereach.com,0
ooyala.com,0
specificclick.net,0
digg.com,0
google.ca,0
dotomi.com,0
netmng.com,0
undertone.com,0
erne.co,0
staticflickr.com,0
urbanairship.com,0
adkmob.com,0
pro-market.net,0
dtscout.com,0
imdb.com,0
mzstatic.com,0
alexa.com,0
fastly.net,0
baidu.com,0
brealtime.com,0
amazon.co.uk,0
midasplayer.com,0
bugsense.com,0
outlook.com,0
chartboost.com,0
adrta.com,0
adcash.com,0
root-servers.net,0
adtilt.com,0
awstls.com,0
fwmrm.net,0
cdninstagram.com,0
adsonar.com,0
zedo.com,0
demonii.com,0
vimeo.com,0
dianxinos.com,0
adventori.com,0
accuweather.com,0
steamstatic.com,0
coull.com,0
mxptint.net,0
pfx.ms,0
footprint.net,0
ceipmsn.com,0
paypalobjects.com,0
taboolasyndication.com,0
umeng.com,0
altitude-arena.com,0
webtrendslive.com,0
dl-rms.com,0
visualwebsiteoptimizer.com,0
mydas.mobi,0
cap-mii.net,0
naver.jp,0
avg.com,0
wordpress.com,0
pinimg.com,0
livefyre.com,0
tabwpm.us,0
maxymiser.net,0
wordpress.org,0
ebayimg.com,0
gravity.com,0
huffingtonpost.com,0
exoclick.com,0
pandora.com,0
reson8.com,0
grvcdn.com,0
aol.com,0
adcolony.com,0
adhigh.net,0
eset.com,0
trustwave.com,0
cnn.com,0
cxense.com,0
lfstmedia.com,0
xboxlive.com,0
vungle.com,0
a3cloud.net,0
dailymotion.com,0
postrelease.com,0
duapp.com,0
king.com,0
mailshell.net,0
pingdom.net,0
lenovomm.com,0
dyntrk.com,0
kaspersky-labs.com,0
jwpsrv.com,0
nsatc.net,0
soundcloud.com,0
vimeocdn.com,0
theviilage.com,0
hlserve.com,0
wdgserv.com,0
inmobi.com,0
bbc.co.uk,0
kaspersky.com,0
spotxcdn.com,0
norton.com,0
nytimes.com,0
crsspxl.com,0
liveperson.net,0
amgdgt.com,0
amazon.in,0
amazon.de,0
adotube.com,0
go.com,0
samsungosp.com,0
parsely.com,0
windowsphone.com,0
heias.com,0
amazon.it,0
washingtonpost.com,0
ospserver.net,0
mscimg.com,0
google.co.uk,0
mzl.la,0
pswec.com,0
media.net,0
v0cdn.net,0
supercell.net,0
visadd.com,0
andomedia.com,0
mdotlabs.com,0
adformdsp.net,0
wikimediafoundation.org,0
alenty.com,0
zergnet.com,0
sundaysky.com,0
amazon.ca,0
mediawiki.org,0
datafastguru.info,0
vidible.tv,0
adzerk.net,0
brand-server.com,0
quantcount.com,0
flipboard.com,0
dtmpub.com,0
spongecell.com,0
tinyurl.com,0
clkmon.com,0
bing.net,0
adlegend.com,0
adblockplus.org,0
dvtps.com,0
p-cdn.com,0
mailchimp.com,0
wikidata.org,0
icio.us,0
ebaystatic.com,0
viglink.com,0
ibook.info,0
itools.info,0
thinkdifferent.us,0
airport.us,0
appleiphonecell.com,0
hwcdnlb.net,0
effectivemeasure.net,0
amazon.fr,0
iponweb.net,0
mbamupdates.com,0
foxnews.com,0
fiksu.com,0
dlqm.net,0
ozonemedia.com,0
zenfs.com,0
deliads.com,0
yieldlab.net,0
sail-horizon.com,0
applovin.com,0
nspmotion.com,0
metrigo.com,0
pulsemgr.com,0
visiblemeasures.com,0
revenuemantra.com,0
smartclip.net,0
ijinshan.com,0
tndmnsha.com,0
go-mpulse.net,0
relestar.com,0
amazon.co.jp,0
jollywallet.com,0
trafficmanager.net,0
imgfarm.com,0
opera-mini.net,0
cogocast.net,0
onenote.com,0
amazon.es,0
opendns.com,0
p161.net,0
a-msedge.net,0
cpmstar.com,0
amazon.com.br,0
logmein.com,0
nflximg.net,0